fileid;commit_hash;modified;file_modified;CBO;WMC;DIT;NOC;RFC;LCOM;LOC
0;387e6b63;0;0;3.937;44.636;1.965;0.210;18.615;606;27727
1;812265f1;0;0;3.937;44.636;1.965;0.210;18.615;606;27727
2;57b8713ca;2;1;3.972;44.724;1.952;0.207;18.959;598;28194
3;b7c54b79d;0;0;3.972;44.724;1.952;0.207;18.966;598;28194
4;fe001fdab;129;1;3.979;44.527;1.952;0.212;18.973;594;28236
5;b295ab911;11;1;3.979;44.534;1.952;0.212;18.973;594;28239
6;ab00a1360;1351;9;3.979;44.527;1.952;0.212;18.973;594;28236
7;a5404125f;81;1;3.978;45.543;1.986;0.217;18.833;626;27380
8;49be972ca;0;0;4.007;45.712;1.978;0.216;18.964;623;27618
9;aeaa4571;0;0;4.029;46.022;1.978;0.216;19.007;623;27698
10;2df086b31;439;9;4.007;45.712;1.978;0.216;18.964;623;27618
11;44573fc5f;0;0;4.007;45.712;1.978;0.216;18.964;623;27618
12;8720327a;0;0;4.007;45.712;1.978;0.216;18.964;623;27618
13;3fe9246f6;1452;11;4.000;44.828;1.952;0.207;18.924;598;28174
14;77ed2f4d6;522;7;4.029;46.050;1.978;0.216;19.043;623;27709
15;85d1b5050;2109;23;3.960;43.715;1.927;0.199;18.881;572;28559
16;a9fedabe3;4;1;4.029;46.050;1.978;0.216;19.043;623;27709
17;ec3c8123b;0;0;4.029;46.065;1.978;0.216;19.043;623;27709
18;958c835ef;17;2;4.029;46.065;1.978;0.216;19.043;623;27709
19;ddc8fa98;0;0;3.993;44.795;1.945;0.205;18.945;594;28266
20;3d9672d90;1641;13;3.993;44.801;1.945;0.205;18.952;594;28283
21;d30bd8366;0;0;4.029;46.180;1.978;0.216;19.079;623;27729
22;8a1cf335a;13;1;4.014;45.879;1.971;0.214;18.950;619;27738
23;0a0b573d7;0;0;4.029;46.180;1.978;0.216;19.079;623;27729
24;2ca5d3e05;562;9;4.029;46.180;1.978;0.216;19.079;623;27729
25;a74c94ae;0;0;3.993;44.822;1.945;0.205;18.986;594;28292
26;3d170ba8;0;0;4.029;46.201;1.978;0.216;19.086;623;27738
27;69fb711b4;1669;14;3.993;44.822;1.945;0.205;18.986;594;28296
28;a6b892ed3;0;0;4.000;44.863;1.945;0.205;19.034;594;28317
29;8eab20516;696;13;4.014;45.816;1.965;0.213;19.121;615;27904
30;2a401f2a8;48;2;4.014;44.608;1.932;0.203;19.142;586;28539
31;9eeb0abee;73;2;4.014;44.642;1.932;0.203;19.155;586;28558
32;851f47d6;0;0;3.980;43.848;1.921;0.199;18.967;574;28636
33;b90f4889b;544;8;4.029;46.216;1.978;0.216;19.094;623;27739
34;27b8048f;0;0;3.980;43.848;1.921;0.199;18.967;574;28636
35;0f06e30a9;2019;17;3.987;43.854;1.921;0.199;18.974;574;28639
36;b532d9656;544;8;4.029;46.216;1.978;0.216;19.094;623;27739
37;b6ef902ea;1851;18;3.987;43.854;1.921;0.199;18.974;574;28639
38;a71e46f94;56;1;3.954;43.664;1.921;0.197;18.901;570;28692
39;9fdb04719;0;0;3.947;43.632;1.921;0.197;18.868;570;28672
40;4076baa81;0;0;3.947;43.632;1.921;0.197;18.868;570;28672
41;527e07b26;0;0;3.947;43.632;1.921;0.197;18.868;570;28672
42;d458ef780;0;0;3.947;43.632;1.921;0.197;18.868;570;28672
43;8e00662cb;488;6;5.109;58.442;2.029;0.196;27.884;1676;33855
44;1247b230b;111;3;3.960;43.715;1.927;0.199;18.881;572;28560
45;bef59a4de;110;2;3.960;43.907;1.927;0.199;18.947;573;28630
46;12ac3f395;0;0;3.960;43.715;1.927;0.199;18.881;572;28559
47;022d55090;0;0;3.960;43.715;1.927;0.199;18.881;572;28559
48;73c8f1c4a;0;0;3.960;43.808;1.927;0.199;18.954;572;28604
49;a281930f3;0;0;3.960;43.901;1.927;0.199;18.940;572;28627
50;5fd56b5d9;0;0;3.960;43.808;1.927;0.199;18.954;572;28604
51;776952762;69;1;3.975;42.220;1.956;0.189;18.403;545;28870
52;1445529d1;0;0;3.922;40.455;1.916;0.180;17.904;519;29085
53;66a811eee;866;19;3.958;40.903;1.927;0.182;18.067;525;29055
54;aa2d0e0c3;160;4;3.903;43.090;1.942;0.194;18.697;558;28763
55;6a59764e0;10;1;3.930;42.209;1.930;0.190;18.405;547;28780
56;5e17ae84a;0;0;3.930;42.215;1.930;0.190;18.411;547;28784
57;f183579ea;4;1;3.930;42.215;1.930;0.190;18.411;547;28784
58;bddb47ed2;167;4;3.903;43.110;1.942;0.194;18.716;558;28769
59;dd772f761;0;0;3.915;43.490;1.935;0.196;18.830;565;28697
60;a07fc245d;76;2;3.915;43.490;1.935;0.196;18.830;565;28697
61;14308c66d;0;0;3.903;43.110;1.942;0.194;18.716;558;28769
62;2a051a76a;167;4;3.903;43.110;1.942;0.194;18.716;558;28769
63;2fde40f46;10;1;3.930;42.215;1.930;0.190;18.411;547;28784
64;af1828a00;107;5;3.930;42.209;1.930;0.190;18.405;547;28780
65;373113454;366;5;3.932;41.615;1.938;0.186;18.261;537;28874
66;51c36c732;27;2;3.931;41.900;1.956;0.188;18.263;541;28848
67;0947e3d55;0;0;3.975;42.031;1.956;0.188;18.425;541;28906
68;fe44fbf7e;9;1;3.950;41.969;1.956;0.188;18.306;541;28886
69;1d89e86b6;102;4;3.950;41.963;1.956;0.188;18.294;541;28883
70;bed305a55;459;10;3.963;41.975;1.956;0.188;18.363;541;28892
71;a1d63c27d;0;0;3.932;41.615;1.938;0.186;18.248;537;28874
72;4139c59b1;614;13;4.036;46.230;1.978;0.216;19.101;623;27755
73;078a6f563;49;2;3.942;39.237;1.896;0.185;17.497;501;29219
74;d66e094a3;61;1;4.021;46.021;1.971;0.214;19.150;619;27830
75;13d821456;772;16;3.986;45.535;1.958;0.211;19.021;610;27921
76;f830e0091;2785;30;4.017;38.977;1.886;0.183;17.566;495;29354
77;22997bbfd;1;1;3.986;45.549;1.958;0.211;19.021;610;27921
78;f9945b55f;380;10;4.017;38.977;1.886;0.183;17.566;495;29354
79;556c6ea5;0;0;3.989;39.029;1.886;0.183;17.651;495;29404
80;e25601e3e;37;2;5.101;52.190;1.968;0.184;25.487;1469;34448
81;ab6eb0843;679;3;3.961;38.078;1.872;0.178;17.278;482;29493
82;7452ce824;0;0;3.994;38.388;1.882;0.180;17.410;487;29423
83;3f9bb3e58;0;0;3.989;38.388;1.882;0.180;17.416;487;29422
84;4b0a97668;137;1;3.989;38.393;1.882;0.180;17.427;487;29428
85;6b05276b7;554;3;3.983;38.291;1.877;0.179;17.374;484;29491
86;69e641939;287;5;5.138;51.750;1.994;0.200;25.425;1451;34606
87;137da0326;13;2;4.017;38.421;1.882;0.180;17.472;487;29468
88;21203cbe1;20;2;4.017;38.421;1.882;0.180;17.494;487;29474
89;6a1cdcdd0;15;1;3.944;38.140;1.877;0.179;17.302;485;29445
90;2165ecaa0;0;0;4.022;37.890;1.874;0.181;17.467;477;29725
91;39c032b49;690;17;4.022;37.885;1.874;0.181;17.467;477;29725
92;7f87574f7;2;1;3.950;41.801;1.963;0.186;18.248;538;28948
93;24b3f648;0;0;3.969;42.044;1.956;0.188;18.356;541;28938
94;12cddf0d9;695;17;4.005;37.694;1.880;0.180;17.383;474;29734
95;88e9da805;14;4;3.951;41.586;1.957;0.185;18.179;535;28979
96;f65e736a1;4;1;3.951;41.350;1.951;0.184;18.074;531;28989
97;2e80136ca;175;1;5.047;54.507;2.047;0.180;26.307;1546;34214
98;4edca6f01;394;9;3.951;41.350;1.951;0.184;18.074;531;28989
99;ed41a6761;10;1;3.951;41.350;1.951;0.184;18.074;531;28993
100;74909a006;384;8;3.951;41.350;1.951;0.184;18.074;531;28993
101;553ef6ee7;0;0;3.989;37.161;1.866;0.177;17.177;467;29807
102;ddcb89e1f;19;1;3.989;37.161;1.866;0.177;17.177;467;29807
103;2f38d1aaa;49;1;3.989;37.167;1.866;0.177;17.188;467;29811
104;8028cc38e;0;0;3.989;37.172;1.866;0.177;17.188;467;29813
105;63914efb0;651;6;3.989;37.172;1.866;0.177;17.188;467;29813
106;d535f878f;0;0;4.037;36.351;1.848;0.173;16.937;455;29962
107;4a47eef28;0;0;4.037;36.351;1.848;0.173;16.937;455;29962
108;143c91f0b;0;0;4.037;36.351;1.848;0.173;16.937;455;29962
109;59de784e9;52;1;4.037;36.356;1.848;0.173;16.942;455;29973
110;8bcf02ac3;52;1;4.037;36.356;1.848;0.173;16.937;455;29971
111;05fa62d9d;547;3;4.037;36.356;1.848;0.173;16.942;455;29973
112;26ff527ad;0;0;4.036;36.172;1.844;0.172;16.875;452;29980
113;5284c3a3e;0;0;4.036;36.172;1.844;0.172;16.875;452;29980
114;e1579af56;2;1;5.144;48.236;1.994;0.167;24.379;1336;35264
115;05bf2b0be;0;0;4.036;36.047;1.860;0.171;16.943;450;30053
116;07f8c691b;0;0;4.041;36.109;1.860;0.171;16.948;450;30078
117;9b1c9d4f1;0;0;4.036;36.047;1.860;0.171;16.943;450;30053
118;e6698e4ba;0;0;5.149;48.368;1.994;0.167;24.385;1336;35349
119;d5cc92d8a;22;1;4.041;36.197;1.860;0.171;16.979;450;30181
120;347e4ea;0;0;4.041;36.202;1.860;0.171;16.979;450;30183
121;959388b3;0;0;4.256;46.323;1.571;0.128;19.173;634;26672
122;4932831f8;18;1;4.052;36.000;1.861;0.175;16.902;448;30180
123;6d5431f63;0;0;4.052;35.985;1.861;0.175;16.876;448;30177
124;872897d6a;150;1;4.272;45.507;1.581;0.132;19.037;621;26823
125;93562a780;0;0;4.259;45.696;1.578;0.133;19.037;625;26718
126;479b974fe;149;1;4.259;45.696;1.578;0.133;19.037;625;26718
127;026dd50d8;0;0;4.259;45.778;1.578;0.133;19.111;625;26748
128;79ab98fef;0;0;4.162;44.721;1.581;0.132;18.316;621;26349
129;d60f1df99;0;0;4.052;36.015;1.861;0.175;16.923;448;30192
130;2a8c06381;0;0;3.979;45.090;1.979;0.208;18.986;602;28026
131;50abaaa23;9;1;4.052;36.036;1.861;0.175;16.923;448;30200
132;f3619c312;21;14;4.256;46.180;1.571;0.128;19.075;634;26635
133;192d689b;0;0;4.256;46.165;1.571;0.128;19.075;634;26620
134;6a09ee5eb;4;1;4.256;46.323;1.571;0.128;19.173;634;26672
135;4f33d0851;0;0;4.256;46.323;1.571;0.128;19.173;634;26672
136;87c87c289;33;1;4.269;46.007;1.575;0.127;19.172;630;26700
137;d4ca6ce12;75;5;4.269;46.060;1.575;0.127;19.216;630;26715
138;83ede8fdb;122;8;4.256;46.323;1.571;0.128;19.173;634;26672
139;aa46fdb97;2;1;4.256;46.165;1.571;0.128;19.075;634;26629
140;0783f40ba;0;0;3.596;15.671;1.521;0.103;12.548;31;8593
141;38aefb2ab;565;12;3.620;16.661;1.554;0.091;13.537;33;7871
142;fcd633686;6;1;4.256;46.195;1.571;0.128;19.083;634;26639
143;2a71073c3;5;1;4.256;46.203;1.571;0.128;19.113;634;26645
144;5a6af2cf0;263;9;4.259;45.778;1.578;0.133;19.111;625;26748
145;d75cc24a;0;0;4.256;46.211;1.571;0.128;19.113;634;26646
146;915c9d6f8;1613;18;3.593;15.427;1.533;0.100;12.847;29;8780
147;bff6f2818;4;1;3.723;16.652;1.554;0.080;13.134;25;7296
148;1c3718959;5;1;3.723;16.652;1.554;0.080;13.134;25;7296
149;bc6b488cf;35;4;3.732;16.652;1.554;0.080;13.134;25;7296
150;fa0d37dad;63;3;3.723;16.509;1.554;0.080;13.071;23;7249
151;b0d8a504d;55;1;3.696;17.009;1.571;0.098;13.313;27;7376
152;4b69baada;0;0;3.714;16.866;1.571;0.098;13.259;26;7354
153;36fd0bf34;39;1;3.714;16.866;1.571;0.098;13.259;26;7354
154;afbbe7775;0;0;3.696;16.759;1.571;0.098;13.223;25;7324
155;b7d1846eb;28;1;3.696;16.759;1.571;0.098;13.223;25;7324
156;f2d92bbd0;72;4;3.696;16.714;1.571;0.098;13.125;25;7308
157;22be22a5a;0;0;3.696;16.714;1.571;0.098;13.125;25;7308
158;b278c19a2;2013;23;3.696;16.714;1.571;0.098;13.125;25;7308
159;ec1310e1b;0;0;4.256;46.323;1.571;0.128;19.173;634;26672
160;abe6ff5f3;80;1;3.673;17.027;1.566;0.097;13.327;31;7453
161;6d28e12a4;58;1;3.673;17.133;1.566;0.097;13.372;34;7498
162;035e57e90;18;1;3.673;17.257;1.566;0.097;13.425;35;7535
163;10af59f6f;2319;23;3.681;17.221;1.566;0.097;13.416;34;7521
164;2c941d424;2062;23;3.605;15.336;1.533;0.132;12.336;29;8759
165;b2a88ecdd;18;1;3.708;17.469;1.558;0.097;13.717;36;7637
166;2de206;0;0;3.708;17.558;1.558;0.097;13.743;36;7675
167;98bdc7b58;1404;11;3.708;17.558;1.558;0.097;13.743;36;7675
168;1b783fa48;4;2;4.269;46.000;1.575;0.127;19.164;630;26692
169;7b2ed12ad;1378;10;3.684;17.412;1.553;0.096;13.632;36;7680
170;b9e186e45;4;1;3.684;17.377;1.553;0.096;13.632;36;7666
171;257238c05;0;0;3.684;17.360;1.553;0.096;13.605;36;7655
172;85aecfe0d;0;0;3.684;17.377;1.553;0.096;13.605;36;7663
173;6eef45394;0;0;3.684;17.368;1.553;0.096;13.605;36;7657
174;15f3d1f8e;0;0;3.684;17.368;1.553;0.096;13.605;36;7657
175;5ff4c9f8d;108;5;3.702;17.079;1.553;0.096;13.588;35;7540
176;99715d22d;235;1;3.684;17.070;1.553;0.096;13.570;35;7547
177;2f08fe4e;0;0;3.684;17.360;1.553;0.096;13.605;36;7657
178;92118494e;0;0;3.684;17.070;1.553;0.096;13.570;35;7547
179;b16ee6c7b;0;0;3.684;17.070;1.553;0.096;13.570;35;7547
180;fd4a5a82b;0;0;3.684;17.070;1.553;0.096;13.570;35;7547
181;980709f6f;3;2;3.684;17.070;1.553;0.096;13.570;35;7547
182;ff95d0366;26;1;3.702;17.079;1.553;0.096;13.570;35;7539
183;78936541b;1242;25;3.582;14.126;1.467;0.115;11.165;27;9714
184;d46098262;7;1;3.702;17.070;1.553;0.096;13.623;35;7536
185;e911788e;0;0;4.636;22.755;1.736;0.127;20.900;107;10244
186;e385f67f;0;0;4.622;22.721;1.730;0.126;20.811;105;10324
187;e76d41345;0;0;3.702;17.105;1.553;0.096;13.632;35;7557
188;1d266d89;0;0;3.711;17.140;1.553;0.096;13.658;35;7569
189;ad74c5f7;0;0;3.719;17.202;1.553;0.096;13.719;35;7598
190;606604d7d;4;1;3.719;17.202;1.553;0.096;13.719;35;7598
191;86f84c8a3;0;0;3.545;15.195;1.526;0.130;12.182;29;8782
192;589f514a4;5;1;3.545;15.195;1.526;0.130;12.182;29;8782
193;600740383;6;2;3.562;15.275;1.529;0.131;12.229;29;8769
194;f474d1c58;322;7;3.719;17.368;1.553;0.096;13.719;35;7654
195;d1feeb541;384;7;3.719;17.202;1.553;0.096;13.719;35;7598
196;b6514e4b;0;0;3.545;15.240;1.526;0.130;12.240;29;8806
197;1f564d670;779;14;3.545;15.227;1.526;0.130;12.208;29;8792
198;6f5f9bedb;0;0;3.539;15.240;1.526;0.130;12.234;29;8804
199;2c234a09f;2;1;3.539;15.240;1.526;0.130;12.234;29;8804
200;58581e2eb;5;1;3.719;17.202;1.553;0.096;13.719;35;7598
201;5989bb400;778;13;3.556;15.327;1.529;0.131;12.288;29;8794
202;e327bb091;30;1;4.522;22.080;1.673;0.106;19.876;102;10121
203;498d615fb;4;1;3.681;17.138;1.560;0.095;13.595;35;7698
204;251bb76e;0;0;3.500;15.025;1.525;0.133;11.905;29;8909
205;46e667e7;0;0;4.694;23.027;1.730;0.126;21.036;105;10443
206;6d55c6ea0;0;0;3.506;15.044;1.525;0.133;11.937;29;8925
207;aa0cadbd0;0;0;3.506;15.044;1.525;0.133;11.937;29;8925
208;0110fd8ff;526;11;3.506;15.044;1.525;0.133;11.937;29;8925
209;dba808c3d;0;0;3.658;17.068;1.556;0.094;13.615;34;7740
210;b32dc9350;0;0;3.529;14.047;1.483;0.110;11.064;27;9076
211;4db6c737b;0;0;3.544;14.111;1.485;0.111;11.105;27;9057
212;ec1db8ca8;0;0;3.658;17.068;1.556;0.094;13.615;34;7741
213;323458c8d;0;0;3.529;14.047;1.483;0.110;11.064;27;9076
214;59b817791;0;0;3.535;14.070;1.483;0.110;11.128;27;9133
215;402c24d10;0;0;3.535;14.070;1.483;0.110;11.122;27;9130
216;930289aa6;0;0;3.535;14.070;1.483;0.110;11.122;27;9130
217;ac4aea47b;0;0;3.506;14.006;1.477;0.109;11.006;27;9182
218;ab227d37e;0;0;3.506;14.006;1.477;0.109;11.006;27;9182
219;24b32422e;23;5;3.506;14.006;1.477;0.109;11.006;27;9182
220;e646ca252;828;8;4.185;17.661;1.560;0.119;15.690;73;11853
221;6679393b7;37;3;3.511;14.075;1.477;0.109;11.023;27;9203
222;a83d6e988;350;7;3.506;14.006;1.477;0.109;11.006;27;9182
223;ea5155656;4;1;3.651;14.564;1.488;0.122;11.448;29;9436
224;fe739de2a;29;1;3.651;14.564;1.488;0.122;11.448;29;9436
225;b65b576eb;40;1;3.582;14.265;1.488;0.106;11.188;27;9170
226;643d9515a;4;1;3.651;14.547;1.483;0.122;11.430;29;9443
227;87e2e68b8;0;0;3.612;14.588;1.488;0.124;11.476;29;9384
228;6d46bd0bd;0;0;3.618;14.618;1.488;0.124;11.482;29;9397
229;a7024791;0;0;3.632;14.550;1.485;0.123;11.421;29;9408
230;9521d54be;10;1;3.612;14.594;1.488;0.124;11.482;29;9388
231;61592d78f;0;0;3.612;14.588;1.488;0.124;11.482;29;9384
232;eacddd612;0;0;3.602;14.614;1.491;0.123;11.456;29;9432
233;350adb99;0;0;3.602;14.585;1.491;0.123;11.439;29;9413
234;b42c6667e;0;0;3.602;14.544;1.491;0.123;11.439;29;9405
235;740f251f;0;0;3.602;14.544;1.491;0.123;11.439;29;9405
236;96c457696;5;1;3.622;14.581;1.488;0.122;11.442;29;9464
237;1e61cd6b4;0;0;3.526;12.840;1.429;0.109;10.577;27;8450
238;725dffa69;4;1;3.567;13.439;1.433;0.111;10.713;28;8569
239;3e1a9443;0;0;3.568;13.533;1.432;0.112;10.793;28;8524
240;269a8b119;2480;24;3.616;14.576;1.488;0.122;11.453;29;9463
241;4cf77cd90;2450;24;3.616;14.587;1.488;0.122;11.459;29;9461
242;5eca70b1d;0;0;3.526;12.840;1.429;0.109;10.577;27;8450
243;d805fb4e1;2493;24;3.616;14.587;1.488;0.122;11.459;29;9461
244;f8aecd0f9;2;1;3.539;12.674;1.438;0.112;10.584;27;8508
245;6303f8494;2493;24;3.616;14.587;1.488;0.122;11.459;29;9461
246;7552636bd;6;1;3.608;14.591;1.491;0.123;11.462;29;9403
247;3bb6104b;0;0;3.608;14.585;1.491;0.123;11.462;29;9399
248;2288f035b;0;0;3.608;14.585;1.491;0.123;11.462;29;9399
249;ddfa2891;0;0;3.585;14.324;1.483;0.119;11.347;28;9517
250;2d6581445;187;5;3.608;14.591;1.491;0.123;11.462;29;9403
251;0c123d7d1;29;2;3.602;14.420;1.483;0.119;11.369;28;9599
252;de95ef6c4;0;0;3.569;14.182;1.470;0.116;11.199;27;9698
253;060ec30e1;36;7;3.602;14.432;1.483;0.119;11.369;28;9609
254;e2bf41ddd;2047;15;3.582;14.126;1.467;0.115;11.165;27;9714
255;5bc6cee11;1211;11;3.539;12.674;1.438;0.112;10.584;27;8508
256;50a503417;20;1;3.563;14.066;1.464;0.115;11.104;27;9722
257;334e75254;6;1;4.485;17.415;1.567;0.105;16.579;85;12703
258;b2f8b9b6;0;0;3.435;12.255;1.435;0.109;10.234;26;8511
259;03283bb09;10;2;3.545;12.708;1.438;0.112;10.612;27;8525
260;96b7c5ec6;10;2;3.545;12.708;1.438;0.112;10.612;27;8525
261;765519a56;0;0;3.528;12.594;1.444;0.111;10.528;27;8553
262;91da999cb;0;0;3.536;12.648;1.441;0.112;10.581;27;8540
263;90a533b82;53;2;3.531;12.642;1.441;0.112;10.570;27;8531
264;971bd7705;2;1;3.536;12.659;1.447;0.112;10.564;27;8547
265;956ddda98;4;1;3.536;12.659;1.447;0.112;10.570;27;8547
266;176d36654;0;0;3.542;12.665;1.447;0.112;10.581;27;8551
267;d3b3dbb29;814;1;3.533;12.678;1.444;0.111;10.600;27;8602
268;7816ee3f1;0;0;3.536;12.670;1.447;0.112;10.575;27;8553
269;65e0d8b54;0;0;3.533;12.672;1.444;0.111;10.589;27;8600
270;d71f2738;0;0;3.533;12.672;1.444;0.111;10.589;27;8600
271;4c3de2663;4;1;3.533;12.672;1.444;0.111;10.589;27;8600
272;8ee35d0c5;2;1;3.435;12.255;1.435;0.109;10.234;26;8511
273;9191442ae;0;0;3.435;12.255;1.435;0.109;10.234;26;8511
274;1d6e710ea;0;0;3.462;12.390;1.440;0.110;10.302;27;8505
275;42b07f033;0;0;3.489;12.500;1.444;0.111;10.367;27;8485
276;9166828bf;81;2;3.435;12.266;1.435;0.109;10.234;26;8517
277;f6546aea4;0;0;3.478;12.324;1.440;0.110;10.330;26;8446
278;94b16a550;0;0;3.546;11.049;1.432;0.108;10.049;26;7793
279;365b0bdc9;113;10;3.470;11.204;1.442;0.110;10.127;26;7689
280;9ddb72b51;3;1;3.478;12.324;1.440;0.110;10.330;26;8446
281;17598368a;6;1;3.478;12.324;1.440;0.110;10.330;26;8446
282;67b65ddd7;1146;12;3.435;12.266;1.435;0.109;10.234;26;8517
283;4af81a;0;0;3.546;11.070;1.432;0.108;10.049;26;7804
284;ab7b7351f;4;1;3.546;11.070;1.432;0.108;10.049;26;7804
285;de671f7e3;22;5;3.546;11.070;1.432;0.108;10.049;26;7804
286;4bf40fc23;15;4;3.559;11.059;1.430;0.108;10.043;26;7855
287;56e034928;63;4;4.461;16.261;1.550;0.100;15.744;79;12684
288;8a1e6c8a9;78;1;3.548;11.043;1.430;0.108;10.027;26;7841
289;a3eae13e5;0;0;3.548;11.043;1.430;0.108;10.027;26;7841
290;9c1fd0d74;34;6;3.548;11.043;1.430;0.108;10.027;26;7841
291;4bc93e5d5;0;0;3.548;11.054;1.430;0.108;10.038;26;7848
292;606aaee66;3;1;3.548;11.054;1.430;0.108;10.038;26;7848
293;4748e9df5;15;4;3.548;11.054;1.430;0.108;10.038;26;7847
294;5490b96f2;8;1;3.559;11.059;1.430;0.108;10.043;26;7853
295;24c9f8c27;0;0;3.559;11.075;1.430;0.108;10.070;26;7874
296;a48906e0;0;0;3.559;11.059;1.430;0.108;10.043;26;7856
297;5933a7e8d;4;1;3.559;11.059;1.430;0.108;10.048;26;7856
298;1b7574a8b;28;2;3.559;11.059;1.430;0.108;10.048;26;7856
299;b0cb2c4e5;0;0;3.561;11.059;1.433;0.107;10.080;26;7915
300;e37557194;6;1;4.467;16.144;1.522;0.100;15.644;65;12619
301;b77f5f731;0;0;3.561;11.048;1.433;0.107;10.053;26;7908
302;a859cfb9f;0;0;3.561;11.048;1.433;0.107;10.053;26;7908
303;e55d4145d;9;1;3.565;11.081;1.430;0.108;10.081;26;7892
304;0b8e7922b;12;1;3.565;11.081;1.430;0.108;10.075;26;7878
305;0cb6b48e2;4;1;3.561;11.096;1.433;0.107;10.102;27;7947
306;bede6967d;25;1;3.561;11.091;1.433;0.107;10.102;27;7939
307;1bd1c14d8;4;1;3.561;11.096;1.433;0.107;10.102;27;7947
308;3ecaf665a;0;0;3.561;11.096;1.433;0.107;10.102;27;7947
309;587590968;4;1;3.561;11.096;1.433;0.107;10.102;27;7947
310;3c982759;0;0;3.561;11.091;1.433;0.107;10.102;27;7939
311;e33bd78a1;31;2;3.561;11.091;1.433;0.107;10.102;27;7939
312;455fecff1;18;1;3.561;11.102;1.433;0.107;10.102;27;7951
313;9b8a26e32;0;0;3.561;11.102;1.433;0.107;10.102;27;7951
314;0a6841d9b;106;3;3.561;11.102;1.433;0.107;10.102;27;7951
315;bef09e4d0;12;1;3.561;11.102;1.433;0.107;10.134;27;7935
316;d7fdc0a;0;0;3.561;11.102;1.433;0.107;10.134;27;7935
317;9ab0ea6e4;0;0;3.561;11.102;1.433;0.107;10.107;27;7953
318;aef835b45;81;2;3.561;11.102;1.433;0.107;10.107;27;7953
319;138628c0;0;0;3.561;11.112;1.433;0.107;10.128;27;7943
320;54971e451;12;1;4.453;15.994;1.497;0.101;15.637;66;12378
321;2f4485d06;31;3;3.561;11.102;1.433;0.107;10.134;27;7935
322;e097439ea;0;0;4.429;16.000;1.516;0.109;15.853;66;12640
323;5a35be06d;395;7;3.617;12.016;1.451;0.109;11.047;28;8759
324;6848614ce;0;0;3.561;11.123;1.433;0.107;10.134;27;7957
325;ffff480e9;0;0;3.561;11.123;1.433;0.107;10.134;27;7957
326;4813e573;0;0;4.543;16.486;1.531;0.114;16.360;68;12568
327;7d5442b05;148;1;3.561;11.134;1.433;0.107;10.155;27;7954
328;4e1458b1;0;0;4.543;16.497;1.531;0.114;16.383;68;12571
329;bc05c40aa;283;4;3.561;11.123;1.433;0.107;10.134;27;7957
330;88e801941;0;0;4.453;15.928;1.492;0.099;15.646;65;12485
331;8c60054af;139;4;3.561;11.144;1.433;0.107;10.166;27;7961
332;505ff17d4;37;2;3.542;10.995;1.426;0.105;10.116;27;7994
333;bf1275a8a;0;0;3.615;11.896;1.448;0.104;11.000;28;8700
334;9e81ab67b;0;0;3.615;11.896;1.448;0.104;11.000;28;8700
335;f255319f9;0;0;3.615;11.896;1.448;0.104;11.000;28;8700
336;6a62bf2a6;44;1;3.615;11.896;1.448;0.104;11.000;28;8700
337;5fbf9621f;0;0;3.545;11.005;1.450;0.105;10.272;27;8068
338;5d3e4c185;37;2;3.545;11.005;1.450;0.105;10.272;27;8068
339;ac568f44;0;0;3.542;10.995;1.426;0.105;10.116;27;7994
340;8e76fb87d;13;2;3.545;11.005;1.450;0.105;10.272;27;8068
341;380b147da;0;0;3.545;10.979;1.450;0.105;10.257;27;8055
342;5ebce32ea;0;0;3.545;10.979;1.450;0.105;10.257;27;8055
343;6558afa21;0;0;3.545;10.979;1.450;0.105;10.257;27;8055
344;ee006271d;9;1;3.545;10.979;1.450;0.105;10.257;27;8055
345;db75e677d;43;3;3.542;10.995;1.426;0.105;10.116;27;7994
346;ea55a2ed;0;0;3.611;12.026;1.451;0.109;11.067;28;8773
347;a05c67275;0;0;3.609;11.891;1.448;0.104;10.995;28;8692
348;08d4fde5;0;0;3.611;12.026;1.451;0.109;11.067;28;8773
349;62e5e0186;0;0;3.611;11.995;1.451;0.109;11.036;28;8754
350;5b1d866d;0;0;3.611;11.990;1.451;0.109;11.036;28;8754
351;b844011c1;97;2;3.611;12.026;1.451;0.109;11.067;28;8773
352;ecb4eaf86;426;3;3.579;11.959;1.467;0.107;11.117;28;8952
353;e15ba64ee;510;4;3.587;12.015;1.469;0.107;11.168;28;8943
354;b8b1dc232;22;1;3.611;12.005;1.451;0.109;11.041;29;8755
355;1d8fbd4b5;97;2;3.611;12.026;1.451;0.109;11.067;28;8773
356;8e2c3c777;4;1;3.579;11.964;1.467;0.107;11.117;28;8955
357;9a01e3067;0;0;3.579;11.959;1.467;0.107;11.117;28;8952
358;4de75025;0;0;3.579;11.959;1.467;0.107;11.117;28;8952
359;d02cdfdb0;0;0;3.561;11.929;1.465;0.106;11.076;28;8967
360;8079a7cf4;0;0;3.561;11.929;1.465;0.106;11.076;28;8967
361;afecb819a;266;3;3.561;11.929;1.465;0.106;11.076;28;8967
362;43743bb1a;12;1;3.561;11.929;1.465;0.106;11.076;28;8967
363;40c8c067b;18;1;3.580;12.020;1.465;0.110;11.150;29;9105
364;1af21b223;18;1;3.580;12.025;1.465;0.110;11.165;29;9112
365;bf3fc880a;26;2;3.580;12.025;1.465;0.110;11.165;29;9112
366;a906f2328;0;0;3.656;11.914;1.450;0.105;11.507;28;9470
367;09e2fedf5;14;1;3.656;11.914;1.450;0.105;11.507;28;9470
368;f61cbb48b;8;1;3.656;11.904;1.450;0.105;11.493;28;9460
369;5d388e164;0;0;3.757;12.290;1.448;0.105;11.900;28;9781
370;43f33d822;9;1;3.656;11.914;1.450;0.105;11.507;28;9476
371;28e8eb41;0;0;3.656;11.914;1.450;0.105;11.507;28;9470
372;59dfede5a;26;2;3.735;12.246;1.445;0.104;11.910;28;9800
373;50cacc175;72;3;3.757;12.295;1.448;0.105;11.900;28;9784
374;e45f07d50;78;1;3.881;12.234;1.436;0.101;12.142;27;10227
375;6b9048751;5;1;3.865;12.194;1.428;0.099;12.230;27;10468
376;d304c45dd;5;1;3.865;12.198;1.428;0.099;12.234;27;10475
377;f605d1d99;0;0;3.879;12.161;1.426;0.099;12.274;26;10493
378;649bc6d77;2;1;3.870;12.170;1.426;0.099;12.278;26;10493
379;7fa355a70;95;3;3.870;12.157;1.426;0.099;12.278;26;10493
380;96e0ee2a6;0;0;3.870;12.157;1.426;0.099;12.278;26;10498
381;4cb72ceb9;92;2;3.870;12.157;1.426;0.099;12.278;26;10498
382;43d855c28;0;0;3.870;12.157;1.426;0.099;12.278;26;10498
383;57bff44d0;0;0;3.870;12.157;1.426;0.099;12.278;26;10500
384;f906d45de;0;0;3.883;11.970;1.422;0.100;12.326;26;10713
385;01735420e;0;0;3.883;11.991;1.422;0.100;12.365;26;10733
386;94d1829b8;11;1;3.883;11.991;1.422;0.100;12.365;26;10733
387;9c850c36e;4;1;3.883;11.987;1.422;0.100;12.357;26;10728
388;5b84aef30;104;3;3.887;12.074;1.420;0.100;12.446;26;10841
389;3c59f235;0;0;3.883;11.991;1.422;0.100;12.365;26;10733
390;de8fcc9eb;0;0;3.885;11.916;1.425;0.097;12.323;26;10430
391;9421e1ceb;5;2;3.885;11.916;1.425;0.097;12.323;26;10430
392;fc8f84f06;71;2;3.885;11.916;1.425;0.097;12.323;26;10430
393;fd79bfe8;0;0;3.872;11.929;1.425;0.097;12.310;26;10453
394;f511c2451;23;1;3.872;11.929;1.425;0.097;12.310;26;10453
395;3872f5d31;1;1;3.881;11.925;1.425;0.097;12.305;26;10451
396;aa654ba24;48;2;3.876;11.951;1.425;0.097;12.319;26;10468
397;688c406cb;0;0;3.876;11.951;1.425;0.097;12.372;26;10474
398;5c7b8e658;0;0;3.876;11.951;1.425;0.097;12.372;26;10474
399;417857ee4;35;1;3.876;11.947;1.425;0.097;12.367;26;10469
400;9af0eee33;35;1;3.876;11.947;1.425;0.097;12.319;26;10469
401;1ce64955;0;0;3.876;11.951;1.425;0.097;12.372;26;10474
402;28ad89d69;0;0;3.876;11.942;1.425;0.097;12.376;26;10465
403;635de0197;0;0;3.876;11.951;1.425;0.097;12.372;26;10474
404;fe96ab9f4;18;2;3.876;11.956;1.425;0.097;12.394;26;10478
405;421508268;5;1;3.881;11.951;1.425;0.097;12.385;26;10478
406;a51723fe7;4;1;3.885;12.009;1.423;0.097;12.427;26;10569
407;3d3fc0899;0;0;3.881;11.951;1.425;0.097;12.385;26;10478
408;97ed16261;10;2;3.881;11.951;1.425;0.097;12.385;26;10478
409;7d78a9c07;73;7;3.876;11.956;1.425;0.097;12.394;26;10478
410;5ceca65fe;0;0;3.885;12.040;1.423;0.097;12.427;26;10573
411;320dcef67;0;0;3.885;12.040;1.423;0.097;12.427;26;10573
412;67e32ff8f;6;1;3.885;12.040;1.423;0.097;12.427;26;10573
413;152aa595e;55;1;3.885;12.057;1.423;0.097;12.445;26;10589
414;eb732def4;36;1;3.885;12.057;1.423;0.097;12.449;26;10590
415;2e80ee5bb;209;3;3.878;12.013;1.419;0.096;12.428;26;10653
416;2b75aec6a;36;1;3.912;12.088;1.425;0.101;12.496;26;10661
417;10e8480d3;2;1;4.797;16.184;1.519;0.099;17.392;59;14776
418;0fb04b318;2;1;3.878;12.013;1.419;0.096;12.428;26;10653
419;d0bd09c8d;0;0;3.878;12.013;1.419;0.096;12.428;26;10653
420;20ddeb0fe;38;1;3.870;11.991;1.417;0.096;12.404;26;10692
421;9729b1b06;63;2;3.857;11.987;1.417;0.096;12.391;26;10678
422;13d8fa4dd;0;0;3.869;12.009;1.419;0.096;12.402;26;10646
423;73e857fda;41;5;4.788;16.184;1.519;0.099;17.382;59;14773
424;1862827c2;16;1;3.845;11.901;1.421;0.103;12.296;25;10765
425;907af81ff;0;0;3.845;11.893;1.421;0.103;12.296;25;10756
426;2747fddd1;66;2;3.845;11.888;1.421;0.103;12.296;25;10753
427;d5a047694;0;0;3.854;11.927;1.421;0.103;12.361;25;10779
428;a1e223ad6;50;1;3.845;11.927;1.421;0.103;12.305;25;10778
429;d0d9dfcfa;0;0;3.845;11.927;1.421;0.103;12.305;25;10778
430;7e9f19c43;50;1;3.845;11.901;1.421;0.103;12.296;25;10765
431;bfeb99497;2;1;3.873;11.983;1.424;0.102;12.411;25;10951
432;6855e9188;10;2;4.753;16.091;1.521;0.105;17.365;58;15116
433;4f3415279;0;0;3.873;12.017;1.424;0.102;12.424;25;10971
434;aaebb0a4d;6;2;3.873;12.004;1.422;0.101;12.515;26;10999
435;f9c80816a;2;1;3.873;11.996;1.422;0.101;12.489;26;10992
436;1e074cce4;0;0;3.873;11.996;1.422;0.101;12.489;26;10992
437;66117a5;0;0;3.873;11.996;1.422;0.101;12.489;26;10992
438;422c111d8;21;1;3.992;12.175;1.467;0.106;13.199;24;11753
439;055cfc8df;0;0;3.992;12.041;1.471;0.107;13.119;24;11553
440;6715f41c0;18;1;3.992;12.041;1.471;0.107;13.119;24;11553
441;ab14c63f5;0;0;3.992;12.041;1.471;0.107;13.115;24;11555
442;6c2a94e;0;0;3.992;12.041;1.471;0.107;13.115;24;11555
443;d2bac8659;66;1;3.988;12.016;1.469;0.106;13.078;24;11576
444;9e4243bc7;2504;23;4.921;15.952;1.559;0.106;17.780;55;15638
445;f57b90c1;0;0;3.984;11.988;1.471;0.107;13.025;24;11494
446;6558c0654;1;1;3.992;12.025;1.471;0.107;13.082;24;11533
447;8725bb1e;0;0;3.992;12.025;1.471;0.107;13.102;24;11538
448;a3ba935a5;0;0;3.866;12.055;1.420;0.101;12.529;26;11075
449;957331299;83;1;3.861;12.021;1.420;0.101;12.466;25;11052
450;8c176e742;0;0;3.878;12.059;1.422;0.101;12.506;26;11040
451;f9e1dbd48;0;0;3.878;12.059;1.422;0.101;12.506;26;11040
452;98d5ff79e;1304;21;3.878;12.059;1.422;0.101;12.506;26;11040
453;f3d8ba219;48;1;3.984;11.959;1.471;0.107;13.016;24;11473
454;31284feb9;878;18;3.992;12.025;1.471;0.107;13.098;24;11536
455;2d367e757;35;1;3.996;11.836;1.471;0.107;12.971;24;11394
456;5c3a771e;0;0;3.996;11.873;1.471;0.107;12.980;24;11412
457;d70900e5a;16;1;3.988;11.906;1.471;0.107;12.988;24;11434
458;dd5c1787f;217;2;3.988;11.910;1.471;0.107;12.996;24;11439
459;86d20b872;569;19;3.996;11.836;1.471;0.107;12.971;24;11394
460;7e17b5c31;917;21;3.963;12.163;1.467;0.102;13.187;25;11712
461;07903b858;0;0;3.908;12.092;1.424;0.105;12.559;25;11122
462;05be1480d;0;0;3.908;12.092;1.424;0.105;12.559;25;11122
463;7c089c96d;0;0;3.908;12.118;1.424;0.105;12.559;25;11137
464;fd0476726;0;0;3.903;12.118;1.424;0.105;12.626;26;11153
465;ed30cd7b5;0;0;3.903;12.118;1.424;0.105;12.626;26;11153
466;015f658d1;0;0;3.996;12.193;1.430;0.102;13.152;25;11659
467;1387ed31;0;0;3.996;12.184;1.430;0.102;13.160;25;11658
468;4e77a7c3;0;0;3.996;11.709;1.471;0.107;12.910;24;11307
469;74e5228a0;4;1;4.982;15.761;1.580;0.111;17.951;51;15491
470;b28f1a479;0;0;3.996;11.709;1.471;0.107;12.914;24;11308
471;2b9483b6e;0;0;4.016;12.220;1.467;0.102;13.199;25;11763
472;91f18dff2;0;0;3.996;12.176;1.463;0.102;13.143;25;11646
473;71eb3c3ab;0;0;3.996;12.180;1.463;0.102;13.152;25;11651
474;563713081;95;9;3.971;11.959;1.469;0.102;13.008;24;11506
475;e2fec88f5;132;4;3.976;12.000;1.469;0.102;13.069;24;11554
476;08ad60032;20;4;3.996;12.029;1.469;0.102;13.122;24;11578
477;4fa57be5;0;0;3.976;11.951;1.469;0.102;13.004;24;11497
478;9215c0667;48;4;4.004;12.037;1.469;0.102;13.135;24;11586
479;4659c6f98;12;2;4.004;12.045;1.469;0.102;13.143;25;11599
480;59ec660c9;250;8;4.004;12.041;1.469;0.102;13.139;24;11594
481;6398cde1;0;0;3.971;11.959;1.469;0.102;13.000;24;11506
482;3d4799591;20;5;3.971;11.955;1.469;0.102;13.000;24;11503
483;82d3985f6;5;1;3.971;11.955;1.469;0.102;13.000;24;11503
484;f5f478ced;0;0;3.971;11.959;1.469;0.102;13.000;24;11506
485;2893c2d64;250;11;3.971;11.959;1.469;0.102;13.000;24;11506
486;243fc6876;28;3;4.012;12.261;1.469;0.102;13.294;25;11767
487;de412656e;10;2;4.000;12.041;1.469;0.102;13.139;25;11602
488;8e4ce4cfd;10;2;4.004;12.045;1.469;0.102;13.143;25;11599
489;7a535d9c4;4;1;4.004;12.045;1.469;0.102;13.143;25;11605
490;8d995d73f;62;5;4.004;12.049;1.469;0.102;13.143;25;11602
491;5d88f09a;0;0;4.012;12.282;1.469;0.102;13.302;25;11792
492;baa8a6e8a;0;0;4.004;12.053;1.469;0.102;13.147;25;11608
493;1a7eaaf8b;2;1;3.967;12.033;1.467;0.102;13.111;25;11537
494;9c583829d;2;1;3.967;12.053;1.467;0.102;13.123;25;11543
495;28c85493;0;0;3.967;12.074;1.467;0.102;13.143;25;11556
496;f47165db6;2;1;3.975;12.266;1.467;0.102;13.262;25;11730
497;2ddbf0133;0;0;3.975;12.270;1.467;0.102;13.262;25;11737
498;723393227;10;1;3.988;12.365;1.467;0.102;13.357;25;11809
499;fa0678f5b;12;1;3.984;12.348;1.467;0.102;13.332;25;11794
500;e731fe026;0;0;4.920;16.498;1.560;0.107;18.329;57;15927
501;d8470e59f;0;0;3.988;12.381;1.467;0.102;13.344;25;11821
502;4c6d2f4a8;7;1;3.976;12.256;1.467;0.106;13.220;25;11812
503;b5223cc57;0;0;3.971;11.560;1.473;0.095;12.733;23;11142
504;84ede60df;5;1;3.967;11.560;1.473;0.095;12.724;23;11142
505;7d27c43ff;5;1;3.967;11.560;1.473;0.095;12.724;23;11142
506;821ee53d4;0;0;3.967;11.560;1.473;0.095;12.724;23;11142
507;92723791;0;0;3.967;11.560;1.473;0.095;12.724;23;11142
508;58e2e68d;0;0;3.967;11.560;1.473;0.095;12.728;23;11142
509;ec2e9a642;29;9;3.967;11.564;1.473;0.095;12.733;23;11143
510;46dfd7603;0;0;3.967;11.564;1.473;0.095;12.733;23;11143
511;bd7e76533;20;6;3.967;11.564;1.473;0.095;12.733;23;11143
512;72a1d928b;2;1;3.967;11.564;1.473;0.095;12.733;23;11143
513;4d579f765;4;2;3.967;11.564;1.473;0.095;12.733;23;11143
514;fca863f32;0;0;3.967;11.564;1.473;0.095;12.733;23;11143
515;53e456936;0;0;4.956;15.664;1.580;0.097;17.730;49;15440
516;0def10443;2;1;3.967;11.560;1.473;0.095;12.733;23;11142
517;5c097c03;0;0;3.967;11.560;1.473;0.095;12.728;23;11142
518;8b5a900ae;0;0;3.967;11.564;1.473;0.095;12.733;23;11143
519;4e8423852;7;2;4.956;15.695;1.580;0.097;17.743;49;15461
520;af7005321;49;3;4.000;11.741;1.473;0.088;12.891;23;11102
521;650840381;6;1;4.000;11.728;1.473;0.088;12.891;23;11095
522;363777f0;0;0;3.983;11.538;1.471;0.088;12.664;22;10900
523;8eae64181;177;1;3.983;11.534;1.471;0.088;12.655;22;10896
524;5b690b9b9;32;3;4.000;11.749;1.473;0.088;12.900;23;11117
525;611ed081b;181;1;4.000;11.655;1.471;0.088;12.815;22;11002
526;d115f44a3;4;1;3.983;11.542;1.471;0.088;12.668;22;10905
527;3f7463176;89;2;3.979;11.536;1.469;0.088;12.678;22;10948
528;894b1abd8;793;19;4.023;11.954;1.465;0.097;13.677;23;10407
529;4266b3a70;0;0;4.032;12.073;1.472;0.101;13.697;24;10522
530;ba302ee9;0;0;3.975;11.517;1.471;0.092;12.688;21;10980
531;4d6385ab6;1453;22;3.983;11.517;1.471;0.092;12.630;22;10881
532;492553cde;744;19;4.037;12.096;1.472;0.101;13.761;24;10542
533;5f12bb9a3;0;0;3.992;11.564;1.470;0.093;12.729;22;10841
534;1062307c5;0;0;3.996;11.532;1.473;0.093;12.696;22;10859
535;ad503bce6;77;1;3.983;11.538;1.471;0.092;12.693;22;10903
536;0a99f9e;0;0;3.983;11.538;1.471;0.092;12.693;22;10903
537;5b6adec95;55;3;3.996;11.585;1.470;0.093;12.754;22;10860
538;39f396e55;47;1;4.000;11.589;1.470;0.093;12.784;22;10883
539;323bd64a6;0;0;4.000;11.585;1.470;0.093;12.780;22;10880
540;bb41ad791;6;2;4.000;11.585;1.470;0.093;12.780;22;10880
541;76f4668f0;0;0;4.000;11.593;1.470;0.093;12.784;22;10886
542;219131512;7;1;4.000;11.593;1.470;0.093;12.784;22;10886
543;b70a7d088;65;7;4.008;11.640;1.470;0.093;12.792;22;10927
544;bbac9dbd;0;0;4.004;11.602;1.470;0.093;12.801;22;10893
545;93fc220c5;22;3;4.004;11.602;1.470;0.093;12.797;22;10893
546;5bbb9054d;8;3;4.008;11.593;1.470;0.093;12.797;22;10889
547;f8621b042;0;0;4.008;11.619;1.470;0.093;12.809;22;10917
548;52c829fb0;57;6;4.013;11.648;1.470;0.093;12.805;23;10935
549;d0f8037f6;0;0;4.013;11.602;1.470;0.093;12.801;22;10892
550;59a57a931;57;6;4.008;11.597;1.470;0.093;12.792;22;10889
551;27b99860b;16;1;3.974;11.573;1.474;0.094;12.718;22;10767
552;212825eb5;0;0;3.927;11.526;1.474;0.094;12.688;22;10723
553;f111905da;38;2;3.927;11.526;1.474;0.094;12.705;22;10724
554;627d4fb53;64;5;3.974;11.607;1.474;0.094;12.731;22;10797
555;534d62653;2;1;4.008;11.619;1.470;0.093;12.780;22;10916
556;2374d9d1b;22;1;3.896;11.678;1.474;0.091;12.957;22;10698
557;040caad12;27;1;3.883;11.683;1.474;0.091;12.970;22;10700
558;108937857;0;0;3.900;11.641;1.472;0.091;12.931;22;10753
559;86441e434;5;1;4.949;16.065;1.575;0.093;18.533;51;15127
560;b3d01d828;130;5;3.886;11.807;1.478;0.092;13.092;23;10751
561;794ef806f;117;5;3.974;11.540;1.472;0.094;12.655;22;10781
562;ac570c50b;0;0;3.898;11.912;1.482;0.093;13.204;23;10740
563;20bc29715;0;0;3.898;11.898;1.482;0.093;13.190;23;10734
564;8ffbe0543;560;6;4.008;11.619;1.470;0.093;12.780;22;10916
565;246cf6edd;0;0;3.920;11.933;1.484;0.093;13.267;23;10735
566;8fa45a3a0;9;1;3.915;11.978;1.487;0.094;13.295;23;10710
567;3bce82092;0;0;3.950;12.063;1.491;0.095;13.405;23;10712
568;8d27171b7;9;1;3.950;12.063;1.491;0.095;13.405;23;10712
569;62882e0a4;108;5;3.913;11.641;1.472;0.091;12.948;22;10752
570;950d88dcb;53;4;3.974;11.557;1.472;0.094;12.664;22;10799
571;4aec8997e;0;0;3.974;11.540;1.472;0.094;12.655;22;10781
572;b96b2508d;117;5;3.974;11.540;1.472;0.094;12.655;22;10781
573;397f4e81e;0;0;3.950;12.068;1.491;0.095;13.410;23;10714
574;d4a12205f;0;0;3.950;12.095;1.491;0.095;13.428;23;10733
575;8dd9a3e99;18;2;3.955;12.090;1.491;0.095;13.423;23;10727
576;b4efa5589;0;0;3.950;12.068;1.491;0.095;13.410;23;10714
577;b99d55ba9;6;2;3.955;12.109;1.475;0.095;13.520;23;10721
578;9d904dad3;2;1;3.955;12.109;1.475;0.095;13.489;23;10720
579;418e3def1;8;2;3.955;12.104;1.475;0.095;13.520;23;10718
580;0ee0fcc01;0;0;3.955;12.109;1.475;0.095;13.484;23;10719
581;99fe051c4;0;0;3.955;12.113;1.475;0.095;13.489;23;10721
582;8fd17d44a;0;0;3.955;12.109;1.475;0.095;13.489;23;10720
583;62511c088;0;0;3.955;12.109;1.475;0.095;13.489;23;10720
584;4b59dbae2;0;0;3.955;12.113;1.475;0.095;13.502;23;10720
585;2988136f9;0;0;3.955;12.113;1.475;0.095;13.502;23;10720
586;d2a251c06;0;0;3.955;12.104;1.475;0.095;13.520;23;10717
587;f58f8d3c4;0;0;3.955;12.104;1.475;0.095;13.525;23;10717
588;3092e03be;0;0;3.955;12.113;1.475;0.095;13.516;23;10719
589;2f3a561c6;0;0;3.955;12.113;1.475;0.095;13.502;23;10720
590;4ccf9bbd9;5;1;3.955;12.122;1.475;0.095;13.525;23;10729
591;0b4c4bbcf;0;0;3.955;12.131;1.475;0.095;13.538;23;10737
592;e7d85d8b6;117;7;4.023;11.959;1.465;0.097;13.668;23;10403
593;d7143d685;0;0;4.005;11.923;1.466;0.100;13.543;23;10551
594;ec4787a92;0;0;3.995;11.799;1.466;0.100;13.452;23;10363
595;5bc96652e;0;0;3.995;11.799;1.466;0.100;13.457;23;10353
596;3ccb2d97e;0;0;3.995;11.799;1.466;0.100;13.457;23;10353
597;99f6043ce;123;7;4.023;11.959;1.465;0.097;13.668;23;10403
598;afc0e0240;0;0;3.955;12.131;1.475;0.095;13.548;23;10740
599;fd1b598ea;16;1;3.968;11.864;1.464;0.095;13.445;23;10472
600;2397e1e8;0;0;3.959;11.868;1.464;0.095;13.432;23;10482
601;3f79d129b;2;1;3.950;11.823;1.464;0.095;13.391;23;10459
602;0a0d3c88e;7;1;3.950;11.827;1.464;0.095;13.391;23;10460
603;7adeef1ee;8;1;3.950;11.836;1.464;0.095;13.391;23;10462
604;b6132e853;33;4;3.950;11.836;1.464;0.095;13.400;23;10463
605;4b7c7e886;2;1;3.968;11.864;1.464;0.095;13.445;23;10472
606;3e9a3ec74;2;1;3.977;11.868;1.464;0.095;13.464;23;10476
607;8309fb242;2;1;3.977;11.868;1.464;0.095;13.464;23;10476
608;ffba05fd3;8;1;3.977;11.859;1.464;0.095;13.464;23;10467
609;9ba172b0d;8;1;3.995;11.799;1.466;0.100;13.452;23;10363
610;56f0e9691;23;2;3.977;11.859;1.464;0.095;13.464;23;10467
611;feb863df;0;0;3.995;11.808;1.461;0.096;13.461;23;10368
612;f5f8b7f29;116;7;3.977;11.873;1.464;0.095;13.464;23;10473
613;be1a8403f;25;3;4.000;11.817;1.461;0.096;13.479;23;10372
614;4ae2e1f11;115;6;3.977;11.873;1.464;0.095;13.464;23;10472
615;745cb01ed;96;5;4.037;12.096;1.472;0.101;13.761;24;10542
616;9aea65bee;23;3;4.032;12.083;1.472;0.101;13.761;24;10539
617;4c2fca645;6;1;4.023;11.949;1.465;0.097;13.654;23;10401
618;e2d299807;0;0;4.028;11.949;1.465;0.097;13.654;23;10401
619;91c262dc0;36;3;4.009;11.872;1.461;0.096;13.543;23;10416
620;933bbb3a3;79;4;4.023;11.949;1.465;0.097;13.654;23;10401
621;3438b8669;0;0;4.032;12.083;1.472;0.101;13.761;24;10539
622;88ff311f;0;0;4.068;12.150;1.468;0.100;14.000;24;10761
623;6b770d019;4;1;4.023;11.949;1.465;0.097;13.668;23;10401
624;d3e712232;3;1;4.055;11.977;1.461;0.096;13.858;23;10550
625;e6f09123b;3;1;4.059;11.977;1.461;0.096;13.858;23;10550
626;d08932334;0;0;4.068;11.977;1.461;0.096;13.858;23;10550
627;6592c42d;0;0;4.027;11.973;1.461;0.096;13.785;23;10524
628;207128db9;0;0;4.055;11.986;1.461;0.096;13.854;23;10557
629;1bc994ec8;0;0;4.050;12.018;1.461;0.096;13.872;23;10603
630;a7d395f45;0;0;4.050;12.082;1.461;0.096;13.877;23;10645
631;fa77c15e8;0;0;4.050;12.014;1.461;0.096;13.881;23;10599
632;183e1c9ff;0;0;4.050;12.018;1.461;0.096;13.895;23;10604
633;58fc5a501;0;0;4.050;12.014;1.461;0.096;13.890;23;10602
634;1cacd7968;0;0;4.037;12.083;1.472;0.101;13.761;24;10539
635;43266964;0;0;4.104;12.462;1.457;0.113;14.317;26;11080
636;e65982505;0;0;4.976;16.029;1.587;0.102;18.714;48;13733
637;f0722843f;0;0;4.054;12.199;1.466;0.100;14.018;24;10838
638;b2235c3a4;0;0;4.054;12.199;1.466;0.100;14.018;24;10838
639;01d3d02a0;0;0;4.077;12.378;1.464;0.113;14.194;26;11014
640;842c35be3;1;1;4.077;12.387;1.464;0.113;14.230;26;11032
641;5bb9f87fa;0;0;4.095;12.434;1.457;0.113;14.290;26;11025
642;a7400216e;0;0;4.095;12.434;1.457;0.113;14.290;26;11025
643;7d625181f;0;0;4.104;12.443;1.457;0.113;14.271;26;11060
644;778f681c2;0;0;4.104;12.452;1.457;0.113;14.299;26;11066
645;5c8c3538e;0;0;4.104;12.462;1.457;0.113;14.299;26;11072
646;586e7d5fe;0;0;4.104;12.462;1.457;0.113;14.299;26;11072
647;0dde85e41;6;1;4.104;12.462;1.457;0.113;14.299;26;11072
648;7ae377d3e;0;0;4.113;12.466;1.457;0.113;14.344;26;11085
649;e387c23b6;7;1;5.029;16.325;1.578;0.117;19.063;50;13983
650;b40f54af0;0;0;4.105;12.635;1.452;0.105;14.457;27;11246
651;7cb144000;2;1;4.104;12.466;1.457;0.113;14.330;26;11082
652;678420cd4;0;0;4.113;12.466;1.457;0.113;14.339;26;11084
653;ffa872011;14;2;4.105;12.635;1.452;0.105;14.457;27;11246
654;bb629d1ba;0;0;4.105;12.648;1.452;0.105;14.479;27;11253
655;bc54dd8ef;0;0;4.105;12.648;1.452;0.105;14.479;27;11253
656;d6667dd4;0;0;4.105;12.658;1.452;0.114;14.489;28;11259
657;6d3ad183a;333;4;4.132;12.709;1.486;0.127;14.568;28;11367
658;156d5d895;2;1;4.105;12.671;1.452;0.114;14.507;28;11261
659;8c9169284;11;2;4.105;12.667;1.452;0.114;14.507;28;11258
660;6523458;0;0;4.132;12.709;1.486;0.127;14.568;28;11367
661;b66ed5e5d;0;0;4.132;12.714;1.486;0.127;14.568;28;11369
662;10bee204e;0;0;4.132;12.718;1.486;0.127;14.573;28;11377
663;1361bce6b;0;0;4.132;12.714;1.486;0.127;14.568;28;11369
664;ec4f41dd;0;0;4.156;12.876;1.491;0.128;14.739;28;11394
665;03f5f8ad;0;0;4.132;12.723;1.486;0.127;14.577;28;11380
666;82005c2;0;0;4.156;12.817;1.491;0.128;14.688;28;11350
