fileid;commit_hash;modified;file_modified;CBO;WMC;DIT;NOC;RFC;LCOM;LOC;Type1;Type2;Type3;Type4;Type5;Type
0;387e6b63;0;0;3.937;44.636;1.965;0.21;18.615;606;27727;1;0;0;0;0;Type1
1;812265f1;0;0;3.937;44.636;1.965;0.21;18.615;606;27727;1;0;0;0;0;Type1
2;57b8713ca;2;1;3.972;44.724;1.952;0.207;18.959;598;28194;1;0;0;0;0;Type1
3;b7c54b79d;0;0;3.972;44.724;1.952;0.207;18.966;598;28194;1;0;0;0;0;Type1
4;fe001fdab;129;1;3.979;44.527;1.952;0.212;18.973;594;28236;1;0;0;0;0;Type1
5;b295ab911;11;1;3.979;44.534;1.952;0.212;18.973;594;28239;1;0;0;0;0;Type1
6;ab00a1360;1351;9;3.979;44.527;1.952;0.212;18.973;594;28236;0;0;1;0;0;Type3
7;a5404125f;81;1;3.978;45.543;1.986;0.217;18.833;626;27380;1;0;0;0;0;Type1
8;49be972ca;0;0;4.007;45.712;1.978;0.216;18.964;623;27618;1;0;0;0;0;Type1
9;aeaa4571;0;0;4.029;46.022;1.978;0.216;19.007;623;27698;1;0;0;0;0;Type1
10;2df086b31;439;9;4.007;45.712;1.978;0.216;18.964;623;27618;1;0;0;0;0;Type1
11;44573fc5f;0;0;4.007;45.712;1.978;0.216;18.964;623;27618;1;0;0;0;0;Type1
12;8720327a;0;0;4.007;45.712;1.978;0.216;18.964;623;27618;1;0;0;0;0;Type1
13;3fe9246f6;1452;11;4;44.828;1.952;0.207;18.924;598;28174;0;0;1;0;0;Type3
14;77ed2f4d6;522;7;4.029;46.05;1.978;0.216;19.043;623;27709;1;0;0;0;0;Type1
15;85d1b5050;2109;23;3.96;43.715;1.927;0.199;18.881;572;28559;0;0;0;1;0;Type4
16;a9fedabe3;4;1;4.029;46.05;1.978;0.216;19.043;623;27709;1;0;0;0;0;Type1
17;ec3c8123b;0;0;4.029;46.065;1.978;0.216;19.043;623;27709;1;0;0;0;0;Type1
18;958c835ef;17;2;4.029;46.065;1.978;0.216;19.043;623;27709;1;0;0;0;0;Type1
19;ddc8fa98;0;0;3.993;44.795;1.945;0.205;18.945;594;28266;1;0;0;0;0;Type1
20;3d9672d90;1641;13;3.993;44.801;1.945;0.205;18.952;594;28283;0;0;1;0;0;Type3
21;d30bd8366;0;0;4.029;46.18;1.978;0.216;19.079;623;27729;1;0;0;0;0;Type1
22;8a1cf335a;13;1;4.014;45.879;1.971;0.214;18.95;619;27738;1;0;0;0;0;Type1
23;0a0b573d7;0;0;4.029;46.18;1.978;0.216;19.079;623;27729;1;0;0;0;0;Type1
24;2ca5d3e05;562;9;4.029;46.18;1.978;0.216;19.079;623;27729;0;1;0;0;0;Type2
25;a74c94ae;0;0;3.993;44.822;1.945;0.205;18.986;594;28292;1;0;0;0;0;Type1
26;3d170ba8;0;0;4.029;46.201;1.978;0.216;19.086;623;27738;1;0;0;0;0;Type1
27;69fb711b4;1669;14;3.993;44.822;1.945;0.205;18.986;594;28296;0;0;1;0;0;Type3
28;a6b892ed3;0;0;4;44.863;1.945;0.205;19.034;594;28317;1;0;0;0;0;Type1
29;8eab20516;696;13;4.014;45.816;1.965;0.213;19.121;615;27904;0;1;0;0;0;Type2
30;2a401f2a8;48;2;4.014;44.608;1.932;0.203;19.142;586;28539;1;0;0;0;0;Type1
31;9eeb0abee;73;2;4.014;44.642;1.932;0.203;19.155;586;28558;1;0;0;0;0;Type1
32;851f47d6;0;0;3.98;43.848;1.921;0.199;18.967;574;28636;1;0;0;0;0;Type1
33;b90f4889b;544;8;4.029;46.216;1.978;0.216;19.094;623;27739;1;0;0;0;0;Type1
34;27b8048f;0;0;3.98;43.848;1.921;0.199;18.967;574;28636;1;0;0;0;0;Type1
35;0f06e30a9;2019;17;3.987;43.854;1.921;0.199;18.974;574;28639;0;0;0;1;0;Type4
36;b532d9656;544;8;4.029;46.216;1.978;0.216;19.094;623;27739;1;0;0;0;0;Type1
37;b6ef902ea;1851;18;3.987;43.854;1.921;0.199;18.974;574;28639;0;0;0;1;0;Type4
38;a71e46f94;56;1;3.954;43.664;1.921;0.197;18.901;570;28692;1;0;0;0;0;Type1
39;9fdb04719;0;0;3.947;43.632;1.921;0.197;18.868;570;28672;1;0;0;0;0;Type1
40;4076baa81;0;0;3.947;43.632;1.921;0.197;18.868;570;28672;1;0;0;0;0;Type1
41;527e07b26;0;0;3.947;43.632;1.921;0.197;18.868;570;28672;1;0;0;0;0;Type1
42;d458ef780;0;0;3.947;43.632;1.921;0.197;18.868;570;28672;1;0;0;0;0;Type1
43;8e00662cb;488;6;5.109;58.442;2.029;0.196;27.884;1676;33855;1;0;0;0;0;Type1
44;1247b230b;111;3;3.96;43.715;1.927;0.199;18.881;572;28560;1;0;0;0;0;Type1
45;bef59a4de;110;2;3.96;43.907;1.927;0.199;18.947;573;28630;1;0;0;0;0;Type1
46;12ac3f395;0;0;3.96;43.715;1.927;0.199;18.881;572;28559;1;0;0;0;0;Type1
47;022d55090;0;0;3.96;43.715;1.927;0.199;18.881;572;28559;1;0;0;0;0;Type1
48;73c8f1c4a;0;0;3.96;43.808;1.927;0.199;18.954;572;28604;1;0;0;0;0;Type1
49;a281930f3;0;0;3.96;43.901;1.927;0.199;18.94;572;28627;1;0;0;0;0;Type1
50;5fd56b5d9;0;0;3.96;43.808;1.927;0.199;18.954;572;28604;1;0;0;0;0;Type1
51;776952762;69;1;3.975;42.22;1.956;0.189;18.403;545;28870;1;0;0;0;0;Type1
52;1445529d1;0;0;3.922;40.455;1.916;0.18;17.904;519;29085;1;0;0;0;0;Type1
53;66a811eee;866;19;3.958;40.903;1.927;0.182;18.067;525;29055;0;1;0;0;0;Type2
54;aa2d0e0c3;160;4;3.903;43.09;1.942;0.194;18.697;558;28763;1;0;0;0;0;Type1
55;6a59764e0;10;1;3.93;42.209;1.93;0.19;18.405;547;28780;1;0;0;0;0;Type1
56;5e17ae84a;0;0;3.93;42.215;1.93;0.19;18.411;547;28784;1;0;0;0;0;Type1
57;f183579ea;4;1;3.93;42.215;1.93;0.19;18.411;547;28784;1;0;0;0;0;Type1
58;bddb47ed2;167;4;3.903;43.11;1.942;0.194;18.716;558;28769;1;0;0;0;0;Type1
59;dd772f761;0;0;3.915;43.49;1.935;0.196;18.83;565;28697;1;0;0;0;0;Type1
60;a07fc245d;76;2;3.915;43.49;1.935;0.196;18.83;565;28697;1;0;0;0;0;Type1
61;14308c66d;0;0;3.903;43.11;1.942;0.194;18.716;558;28769;1;0;0;0;0;Type1
62;2a051a76a;167;4;3.903;43.11;1.942;0.194;18.716;558;28769;1;0;0;0;0;Type1
63;2fde40f46;10;1;3.93;42.215;1.93;0.19;18.411;547;28784;1;0;0;0;0;Type1
64;af1828a00;107;5;3.93;42.209;1.93;0.19;18.405;547;28780;1;0;0;0;0;Type1
65;373113454;366;5;3.932;41.615;1.938;0.186;18.261;537;28874;1;0;0;0;0;Type1
66;51c36c732;27;2;3.931;41.9;1.956;0.188;18.263;541;28848;1;0;0;0;0;Type1
67;0947e3d55;0;0;3.975;42.031;1.956;0.188;18.425;541;28906;1;0;0;0;0;Type1
68;fe44fbf7e;9;1;3.95;41.969;1.956;0.188;18.306;541;28886;1;0;0;0;0;Type1
69;1d89e86b6;102;4;3.95;41.963;1.956;0.188;18.294;541;28883;1;0;0;0;0;Type1
70;bed305a55;459;10;3.963;41.975;1.956;0.188;18.363;541;28892;1;0;0;0;0;Type1
71;a1d63c27d;0;0;3.932;41.615;1.938;0.186;18.248;537;28874;1;0;0;0;0;Type1
72;4139c59b1;614;13;4.036;46.23;1.978;0.216;19.101;623;27755;0;1;0;0;0;Type2
73;078a6f563;49;2;3.942;39.237;1.896;0.185;17.497;501;29219;1;0;0;0;0;Type1
74;d66e094a3;61;1;4.021;46.021;1.971;0.214;19.15;619;27830;1;0;0;0;0;Type1
75;13d821456;772;16;3.986;45.535;1.958;0.211;19.021;610;27921;0;1;0;0;0;Type2
76;f830e0091;2785;30;4.017;38.977;1.886;0.183;17.566;495;29354;0;0;0;0;1;Type5
77;22997bbfd;1;1;3.986;45.549;1.958;0.211;19.021;610;27921;1;0;0;0;0;Type1
78;f9945b55f;380;10;4.017;38.977;1.886;0.183;17.566;495;29354;1;0;0;0;0;Type1
79;556c6ea5;0;0;3.989;39.029;1.886;0.183;17.651;495;29404;1;0;0;0;0;Type1
80;e25601e3e;37;2;5.101;52.19;1.968;0.184;25.487;1469;34448;1;0;0;0;0;Type1
81;ab6eb0843;679;3;3.961;38.078;1.872;0.178;17.278;482;29493;0;1;0;0;0;Type2
82;7452ce824;0;0;3.994;38.388;1.882;0.18;17.41;487;29423;1;0;0;0;0;Type1
83;3f9bb3e58;0;0;3.989;38.388;1.882;0.18;17.416;487;29422;1;0;0;0;0;Type1
84;4b0a97668;137;1;3.989;38.393;1.882;0.18;17.427;487;29428;1;0;0;0;0;Type1
85;6b05276b7;554;3;3.983;38.291;1.877;0.179;17.374;484;29491;1;0;0;0;0;Type1
86;69e641939;287;5;5.138;51.75;1.994;0.2;25.425;1451;34606;1;0;0;0;0;Type1
87;137da0326;13;2;4.017;38.421;1.882;0.18;17.472;487;29468;1;0;0;0;0;Type1
88;21203cbe1;20;2;4.017;38.421;1.882;0.18;17.494;487;29474;1;0;0;0;0;Type1
89;6a1cdcdd0;15;1;3.944;38.14;1.877;0.179;17.302;485;29445;1;0;0;0;0;Type1
90;2165ecaa0;0;0;4.022;37.89;1.874;0.181;17.467;477;29725;1;0;0;0;0;Type1
91;39c032b49;690;17;4.022;37.885;1.874;0.181;17.467;477;29725;0;1;0;0;0;Type2
92;7f87574f7;2;1;3.95;41.801;1.963;0.186;18.248;538;28948;1;0;0;0;0;Type1
93;24b3f648;0;0;3.969;42.044;1.956;0.188;18.356;541;28938;1;0;0;0;0;Type1
94;12cddf0d9;695;17;4.005;37.694;1.88;0.18;17.383;474;29734;0;1;0;0;0;Type2
95;88e9da805;14;4;3.951;41.586;1.957;0.185;18.179;535;28979;1;0;0;0;0;Type1
96;f65e736a1;4;1;3.951;41.35;1.951;0.184;18.074;531;28989;1;0;0;0;0;Type1
97;2e80136ca;175;1;5.047;54.507;2.047;0.18;26.307;1546;34214;1;0;0;0;0;Type1
98;4edca6f01;394;9;3.951;41.35;1.951;0.184;18.074;531;28989;1;0;0;0;0;Type1
99;ed41a6761;10;1;3.951;41.35;1.951;0.184;18.074;531;28993;1;0;0;0;0;Type1
100;74909a006;384;8;3.951;41.35;1.951;0.184;18.074;531;28993;1;0;0;0;0;Type1
101;553ef6ee7;0;0;3.989;37.161;1.866;0.177;17.177;467;29807;1;0;0;0;0;Type1
102;ddcb89e1f;19;1;3.989;37.161;1.866;0.177;17.177;467;29807;1;0;0;0;0;Type1
103;2f38d1aaa;49;1;3.989;37.167;1.866;0.177;17.188;467;29811;1;0;0;0;0;Type1
104;8028cc38e;0;0;3.989;37.172;1.866;0.177;17.188;467;29813;1;0;0;0;0;Type1
105;63914efb0;651;6;3.989;37.172;1.866;0.177;17.188;467;29813;0;1;0;0;0;Type2
106;d535f878f;0;0;4.037;36.351;1.848;0.173;16.937;455;29962;1;0;0;0;0;Type1
107;4a47eef28;0;0;4.037;36.351;1.848;0.173;16.937;455;29962;1;0;0;0;0;Type1
108;143c91f0b;0;0;4.037;36.351;1.848;0.173;16.937;455;29962;1;0;0;0;0;Type1
109;59de784e9;52;1;4.037;36.356;1.848;0.173;16.942;455;29973;1;0;0;0;0;Type1
110;8bcf02ac3;52;1;4.037;36.356;1.848;0.173;16.937;455;29971;1;0;0;0;0;Type1
111;05fa62d9d;547;3;4.037;36.356;1.848;0.173;16.942;455;29973;1;0;0;0;0;Type1
112;26ff527ad;0;0;4.036;36.172;1.844;0.172;16.875;452;29980;1;0;0;0;0;Type1
113;5284c3a3e;0;0;4.036;36.172;1.844;0.172;16.875;452;29980;1;0;0;0;0;Type1
114;e1579af56;2;1;5.144;48.236;1.994;0.167;24.379;1336;35264;1;0;0;0;0;Type1
115;05bf2b0be;0;0;4.036;36.047;1.86;0.171;16.943;450;30053;1;0;0;0;0;Type1
116;07f8c691b;0;0;4.041;36.109;1.86;0.171;16.948;450;30078;1;0;0;0;0;Type1
117;9b1c9d4f1;0;0;4.036;36.047;1.86;0.171;16.943;450;30053;1;0;0;0;0;Type1
118;e6698e4ba;0;0;5.149;48.368;1.994;0.167;24.385;1336;35349;1;0;0;0;0;Type1
119;d5cc92d8a;22;1;4.041;36.197;1.86;0.171;16.979;450;30181;1;0;0;0;0;Type1
120;347e4ea;0;0;4.041;36.202;1.86;0.171;16.979;450;30183;1;0;0;0;0;Type1
121;959388b3;0;0;4.256;46.323;1.571;0.128;19.173;634;26672;1;0;0;0;0;Type1
122;4932831f8;18;1;4.052;36;1.861;0.175;16.902;448;30180;1;0;0;0;0;Type1
123;6d5431f63;0;0;4.052;35.985;1.861;0.175;16.876;448;30177;1;0;0;0;0;Type1
124;872897d6a;150;1;4.272;45.507;1.581;0.132;19.037;621;26823;1;0;0;0;0;Type1
125;93562a780;0;0;4.259;45.696;1.578;0.133;19.037;625;26718;1;0;0;0;0;Type1
126;479b974fe;149;1;4.259;45.696;1.578;0.133;19.037;625;26718;1;0;0;0;0;Type1
127;026dd50d8;0;0;4.259;45.778;1.578;0.133;19.111;625;26748;1;0;0;0;0;Type1
128;79ab98fef;0;0;4.162;44.721;1.581;0.132;18.316;621;26349;1;0;0;0;0;Type1
129;d60f1df99;0;0;4.052;36.015;1.861;0.175;16.923;448;30192;1;0;0;0;0;Type1
130;2a8c06381;0;0;3.979;45.09;1.979;0.208;18.986;602;28026;1;0;0;0;0;Type1
131;50abaaa23;9;1;4.052;36.036;1.861;0.175;16.923;448;30200;1;0;0;0;0;Type1
132;f3619c312;21;14;4.256;46.18;1.571;0.128;19.075;634;26635;1;0;0;0;0;Type1
133;192d689b;0;0;4.256;46.165;1.571;0.128;19.075;634;26620;1;0;0;0;0;Type1
134;6a09ee5eb;4;1;4.256;46.323;1.571;0.128;19.173;634;26672;1;0;0;0;0;Type1
135;4f33d0851;0;0;4.256;46.323;1.571;0.128;19.173;634;26672;1;0;0;0;0;Type1
136;87c87c289;33;1;4.269;46.007;1.575;0.127;19.172;630;26700;1;0;0;0;0;Type1
137;d4ca6ce12;75;5;4.269;46.06;1.575;0.127;19.216;630;26715;1;0;0;0;0;Type1
138;83ede8fdb;122;8;4.256;46.323;1.571;0.128;19.173;634;26672;1;0;0;0;0;Type1
139;aa46fdb97;2;1;4.256;46.165;1.571;0.128;19.075;634;26629;1;0;0;0;0;Type1
140;0783f40ba;0;0;3.596;15.671;1.521;0.103;12.548;31;8593;1;0;0;0;0;Type1
141;38aefb2ab;565;12;3.62;16.661;1.554;0.091;13.537;33;7871;0;1;0;0;0;Type2
142;fcd633686;6;1;4.256;46.195;1.571;0.128;19.083;634;26639;1;0;0;0;0;Type1
143;2a71073c3;5;1;4.256;46.203;1.571;0.128;19.113;634;26645;1;0;0;0;0;Type1
144;5a6af2cf0;263;9;4.259;45.778;1.578;0.133;19.111;625;26748;1;0;0;0;0;Type1
145;d75cc24a;0;0;4.256;46.211;1.571;0.128;19.113;634;26646;1;0;0;0;0;Type1
146;915c9d6f8;1613;18;3.593;15.427;1.533;0.1;12.847;29;8780;0;0;1;0;0;Type3
147;bff6f2818;4;1;3.723;16.652;1.554;0.08;13.134;25;7296;1;0;0;0;0;Type1
148;1c3718959;5;1;3.723;16.652;1.554;0.08;13.134;25;7296;1;0;0;0;0;Type1
149;bc6b488cf;35;4;3.732;16.652;1.554;0.08;13.134;25;7296;1;0;0;0;0;Type1
150;fa0d37dad;63;3;3.723;16.509;1.554;0.08;13.071;23;7249;1;0;0;0;0;Type1
151;b0d8a504d;55;1;3.696;17.009;1.571;0.098;13.313;27;7376;1;0;0;0;0;Type1
152;4b69baada;0;0;3.714;16.866;1.571;0.098;13.259;26;7354;1;0;0;0;0;Type1
153;36fd0bf34;39;1;3.714;16.866;1.571;0.098;13.259;26;7354;1;0;0;0;0;Type1
154;afbbe7775;0;0;3.696;16.759;1.571;0.098;13.223;25;7324;1;0;0;0;0;Type1
155;b7d1846eb;28;1;3.696;16.759;1.571;0.098;13.223;25;7324;1;0;0;0;0;Type1
156;f2d92bbd0;72;4;3.696;16.714;1.571;0.098;13.125;25;7308;1;0;0;0;0;Type1
157;22be22a5a;0;0;3.696;16.714;1.571;0.098;13.125;25;7308;1;0;0;0;0;Type1
158;b278c19a2;2013;23;3.696;16.714;1.571;0.098;13.125;25;7308;0;0;0;1;0;Type4
159;ec1310e1b;0;0;4.256;46.323;1.571;0.128;19.173;634;26672;1;0;0;0;0;Type1
160;abe6ff5f3;80;1;3.673;17.027;1.566;0.097;13.327;31;7453;1;0;0;0;0;Type1
161;6d28e12a4;58;1;3.673;17.133;1.566;0.097;13.372;34;7498;1;0;0;0;0;Type1
162;035e57e90;18;1;3.673;17.257;1.566;0.097;13.425;35;7535;1;0;0;0;0;Type1
163;10af59f6f;2319;23;3.681;17.221;1.566;0.097;13.416;34;7521;0;0;0;0;1;Type5
164;2c941d424;2062;23;3.605;15.336;1.533;0.132;12.336;29;8759;0;0;0;1;0;Type4
165;b2a88ecdd;18;1;3.708;17.469;1.558;0.097;13.717;36;7637;1;0;0;0;0;Type1
166;2de206;0;0;3.708;17.558;1.558;0.097;13.743;36;7675;1;0;0;0;0;Type1
167;98bdc7b58;1404;11;3.708;17.558;1.558;0.097;13.743;36;7675;0;0;1;0;0;Type3
168;1b783fa48;4;2;4.269;46;1.575;0.127;19.164;630;26692;1;0;0;0;0;Type1
169;7b2ed12ad;1378;10;3.684;17.412;1.553;0.096;13.632;36;7680;0;0;1;0;0;Type3
170;b9e186e45;4;1;3.684;17.377;1.553;0.096;13.632;36;7666;1;0;0;0;0;Type1
171;257238c05;0;0;3.684;17.36;1.553;0.096;13.605;36;7655;1;0;0;0;0;Type1
172;85aecfe0d;0;0;3.684;17.377;1.553;0.096;13.605;36;7663;1;0;0;0;0;Type1
173;6eef45394;0;0;3.684;17.368;1.553;0.096;13.605;36;7657;1;0;0;0;0;Type1
174;15f3d1f8e;0;0;3.684;17.368;1.553;0.096;13.605;36;7657;1;0;0;0;0;Type1
175;5ff4c9f8d;108;5;3.702;17.079;1.553;0.096;13.588;35;7540;1;0;0;0;0;Type1
176;99715d22d;235;1;3.684;17.07;1.553;0.096;13.57;35;7547;1;0;0;0;0;Type1
177;2f08fe4e;0;0;3.684;17.36;1.553;0.096;13.605;36;7657;1;0;0;0;0;Type1
178;92118494e;0;0;3.684;17.07;1.553;0.096;13.57;35;7547;1;0;0;0;0;Type1
179;b16ee6c7b;0;0;3.684;17.07;1.553;0.096;13.57;35;7547;1;0;0;0;0;Type1
180;fd4a5a82b;0;0;3.684;17.07;1.553;0.096;13.57;35;7547;1;0;0;0;0;Type1
181;980709f6f;3;2;3.684;17.07;1.553;0.096;13.57;35;7547;1;0;0;0;0;Type1
182;ff95d0366;26;1;3.702;17.079;1.553;0.096;13.57;35;7539;1;0;0;0;0;Type1
183;78936541b;1242;25;3.582;14.126;1.467;0.115;11.165;27;9714;0;0;1;0;0;Type3
184;d46098262;7;1;3.702;17.07;1.553;0.096;13.623;35;7536;1;0;0;0;0;Type1
185;e911788e;0;0;4.636;22.755;1.736;0.127;20.9;107;10244;1;0;0;0;0;Type1
186;e385f67f;0;0;4.622;22.721;1.73;0.126;20.811;105;10324;1;0;0;0;0;Type1
187;e76d41345;0;0;3.702;17.105;1.553;0.096;13.632;35;7557;1;0;0;0;0;Type1
188;1d266d89;0;0;3.711;17.14;1.553;0.096;13.658;35;7569;1;0;0;0;0;Type1
189;ad74c5f7;0;0;3.719;17.202;1.553;0.096;13.719;35;7598;1;0;0;0;0;Type1
190;606604d7d;4;1;3.719;17.202;1.553;0.096;13.719;35;7598;1;0;0;0;0;Type1
191;86f84c8a3;0;0;3.545;15.195;1.526;0.13;12.182;29;8782;1;0;0;0;0;Type1
192;589f514a4;5;1;3.545;15.195;1.526;0.13;12.182;29;8782;1;0;0;0;0;Type1
193;600740383;6;2;3.562;15.275;1.529;0.131;12.229;29;8769;1;0;0;0;0;Type1
194;f474d1c58;322;7;3.719;17.368;1.553;0.096;13.719;35;7654;1;0;0;0;0;Type1
195;d1feeb541;384;7;3.719;17.202;1.553;0.096;13.719;35;7598;1;0;0;0;0;Type1
196;b6514e4b;0;0;3.545;15.24;1.526;0.13;12.24;29;8806;1;0;0;0;0;Type1
197;1f564d670;779;14;3.545;15.227;1.526;0.13;12.208;29;8792;0;1;0;0;0;Type2
198;6f5f9bedb;0;0;3.539;15.24;1.526;0.13;12.234;29;8804;1;0;0;0;0;Type1
199;2c234a09f;2;1;3.539;15.24;1.526;0.13;12.234;29;8804;1;0;0;0;0;Type1
200;58581e2eb;5;1;3.719;17.202;1.553;0.096;13.719;35;7598;1;0;0;0;0;Type1
201;5989bb400;778;13;3.556;15.327;1.529;0.131;12.288;29;8794;0;1;0;0;0;Type2
202;e327bb091;30;1;4.522;22.08;1.673;0.106;19.876;102;10121;1;0;0;0;0;Type1
203;498d615fb;4;1;3.681;17.138;1.56;0.095;13.595;35;7698;1;0;0;0;0;Type1
204;251bb76e;0;0;3.5;15.025;1.525;0.133;11.905;29;8909;1;0;0;0;0;Type1
205;46e667e7;0;0;4.694;23.027;1.73;0.126;21.036;105;10443;1;0;0;0;0;Type1
206;6d55c6ea0;0;0;3.506;15.044;1.525;0.133;11.937;29;8925;1;0;0;0;0;Type1
207;aa0cadbd0;0;0;3.506;15.044;1.525;0.133;11.937;29;8925;1;0;0;0;0;Type1
208;0110fd8ff;526;11;3.506;15.044;1.525;0.133;11.937;29;8925;1;0;0;0;0;Type1
209;dba808c3d;0;0;3.658;17.068;1.556;0.094;13.615;34;7740;1;0;0;0;0;Type1
210;b32dc9350;0;0;3.529;14.047;1.483;0.11;11.064;27;9076;1;0;0;0;0;Type1
211;4db6c737b;0;0;3.544;14.111;1.485;0.111;11.105;27;9057;1;0;0;0;0;Type1
212;ec1db8ca8;0;0;3.658;17.068;1.556;0.094;13.615;34;7741;1;0;0;0;0;Type1
213;323458c8d;0;0;3.529;14.047;1.483;0.11;11.064;27;9076;1;0;0;0;0;Type1
214;59b817791;0;0;3.535;14.07;1.483;0.11;11.128;27;9133;1;0;0;0;0;Type1
215;402c24d10;0;0;3.535;14.07;1.483;0.11;11.122;27;9130;1;0;0;0;0;Type1
216;930289aa6;0;0;3.535;14.07;1.483;0.11;11.122;27;9130;1;0;0;0;0;Type1
217;ac4aea47b;0;0;3.506;14.006;1.477;0.109;11.006;27;9182;1;0;0;0;0;Type1
218;ab227d37e;0;0;3.506;14.006;1.477;0.109;11.006;27;9182;1;0;0;0;0;Type1
219;24b32422e;23;5;3.506;14.006;1.477;0.109;11.006;27;9182;1;0;0;0;0;Type1
220;e646ca252;828;8;4.185;17.661;1.56;0.119;15.69;73;11853;0;1;0;0;0;Type2
221;6679393b7;37;3;3.511;14.075;1.477;0.109;11.023;27;9203;1;0;0;0;0;Type1
222;a83d6e988;350;7;3.506;14.006;1.477;0.109;11.006;27;9182;1;0;0;0;0;Type1
223;ea5155656;4;1;3.651;14.564;1.488;0.122;11.448;29;9436;1;0;0;0;0;Type1
224;fe739de2a;29;1;3.651;14.564;1.488;0.122;11.448;29;9436;1;0;0;0;0;Type1
225;b65b576eb;40;1;3.582;14.265;1.488;0.106;11.188;27;9170;1;0;0;0;0;Type1
226;643d9515a;4;1;3.651;14.547;1.483;0.122;11.43;29;9443;1;0;0;0;0;Type1
227;87e2e68b8;0;0;3.612;14.588;1.488;0.124;11.476;29;9384;1;0;0;0;0;Type1
228;6d46bd0bd;0;0;3.618;14.618;1.488;0.124;11.482;29;9397;1;0;0;0;0;Type1
229;a7024791;0;0;3.632;14.55;1.485;0.123;11.421;29;9408;1;0;0;0;0;Type1
230;9521d54be;10;1;3.612;14.594;1.488;0.124;11.482;29;9388;1;0;0;0;0;Type1
231;61592d78f;0;0;3.612;14.588;1.488;0.124;11.482;29;9384;1;0;0;0;0;Type1
232;eacddd612;0;0;3.602;14.614;1.491;0.123;11.456;29;9432;1;0;0;0;0;Type1
233;350adb99;0;0;3.602;14.585;1.491;0.123;11.439;29;9413;1;0;0;0;0;Type1
234;b42c6667e;0;0;3.602;14.544;1.491;0.123;11.439;29;9405;1;0;0;0;0;Type1
235;740f251f;0;0;3.602;14.544;1.491;0.123;11.439;29;9405;1;0;0;0;0;Type1
236;96c457696;5;1;3.622;14.581;1.488;0.122;11.442;29;9464;1;0;0;0;0;Type1
237;1e61cd6b4;0;0;3.526;12.84;1.429;0.109;10.577;27;8450;1;0;0;0;0;Type1
238;725dffa69;4;1;3.567;13.439;1.433;0.111;10.713;28;8569;1;0;0;0;0;Type1
239;3e1a9443;0;0;3.568;13.533;1.432;0.112;10.793;28;8524;1;0;0;0;0;Type1
240;269a8b119;2480;24;3.616;14.576;1.488;0.122;11.453;29;9463;0;0;0;0;1;Type5
241;4cf77cd90;2450;24;3.616;14.587;1.488;0.122;11.459;29;9461;0;0;0;0;1;Type5
242;5eca70b1d;0;0;3.526;12.84;1.429;0.109;10.577;27;8450;1;0;0;0;0;Type1
243;d805fb4e1;2493;24;3.616;14.587;1.488;0.122;11.459;29;9461;0;0;0;0;1;Type5
244;f8aecd0f9;2;1;3.539;12.674;1.438;0.112;10.584;27;8508;1;0;0;0;0;Type1
245;6303f8494;2493;24;3.616;14.587;1.488;0.122;11.459;29;9461;0;0;0;0;1;Type5
246;7552636bd;6;1;3.608;14.591;1.491;0.123;11.462;29;9403;1;0;0;0;0;Type1
247;3bb6104b;0;0;3.608;14.585;1.491;0.123;11.462;29;9399;1;0;0;0;0;Type1
248;2288f035b;0;0;3.608;14.585;1.491;0.123;11.462;29;9399;1;0;0;0;0;Type1
249;ddfa2891;0;0;3.585;14.324;1.483;0.119;11.347;28;9517;1;0;0;0;0;Type1
250;2d6581445;187;5;3.608;14.591;1.491;0.123;11.462;29;9403;1;0;0;0;0;Type1
251;0c123d7d1;29;2;3.602;14.42;1.483;0.119;11.369;28;9599;1;0;0;0;0;Type1
252;de95ef6c4;0;0;3.569;14.182;1.47;0.116;11.199;27;9698;1;0;0;0;0;Type1
253;060ec30e1;36;7;3.602;14.432;1.483;0.119;11.369;28;9609;1;0;0;0;0;Type1
254;e2bf41ddd;2047;15;3.582;14.126;1.467;0.115;11.165;27;9714;0;0;0;1;0;Type4
255;5bc6cee11;1211;11;3.539;12.674;1.438;0.112;10.584;27;8508;0;0;1;0;0;Type3
256;50a503417;20;1;3.563;14.066;1.464;0.115;11.104;27;9722;1;0;0;0;0;Type1
257;334e75254;6;1;4.485;17.415;1.567;0.105;16.579;85;12703;1;0;0;0;0;Type1
258;b2f8b9b6;0;0;3.435;12.255;1.435;0.109;10.234;26;8511;1;0;0;0;0;Type1
259;03283bb09;10;2;3.545;12.708;1.438;0.112;10.612;27;8525;1;0;0;0;0;Type1
260;96b7c5ec6;10;2;3.545;12.708;1.438;0.112;10.612;27;8525;1;0;0;0;0;Type1
261;765519a56;0;0;3.528;12.594;1.444;0.111;10.528;27;8553;1;0;0;0;0;Type1
262;91da999cb;0;0;3.536;12.648;1.441;0.112;10.581;27;8540;1;0;0;0;0;Type1
263;90a533b82;53;2;3.531;12.642;1.441;0.112;10.57;27;8531;1;0;0;0;0;Type1
264;971bd7705;2;1;3.536;12.659;1.447;0.112;10.564;27;8547;1;0;0;0;0;Type1
265;956ddda98;4;1;3.536;12.659;1.447;0.112;10.57;27;8547;1;0;0;0;0;Type1
266;176d36654;0;0;3.542;12.665;1.447;0.112;10.581;27;8551;1;0;0;0;0;Type1
267;d3b3dbb29;814;1;3.533;12.678;1.444;0.111;10.6;27;8602;0;1;0;0;0;Type2
268;7816ee3f1;0;0;3.536;12.67;1.447;0.112;10.575;27;8553;1;0;0;0;0;Type1
269;65e0d8b54;0;0;3.533;12.672;1.444;0.111;10.589;27;8600;1;0;0;0;0;Type1
270;d71f2738;0;0;3.533;12.672;1.444;0.111;10.589;27;8600;1;0;0;0;0;Type1
271;4c3de2663;4;1;3.533;12.672;1.444;0.111;10.589;27;8600;1;0;0;0;0;Type1
272;8ee35d0c5;2;1;3.435;12.255;1.435;0.109;10.234;26;8511;1;0;0;0;0;Type1
273;9191442ae;0;0;3.435;12.255;1.435;0.109;10.234;26;8511;1;0;0;0;0;Type1
274;1d6e710ea;0;0;3.462;12.39;1.44;0.11;10.302;27;8505;1;0;0;0;0;Type1
275;42b07f033;0;0;3.489;12.5;1.444;0.111;10.367;27;8485;1;0;0;0;0;Type1
276;9166828bf;81;2;3.435;12.266;1.435;0.109;10.234;26;8517;1;0;0;0;0;Type1
277;f6546aea4;0;0;3.478;12.324;1.44;0.11;10.33;26;8446;1;0;0;0;0;Type1
278;94b16a550;0;0;3.546;11.049;1.432;0.108;10.049;26;7793;1;0;0;0;0;Type1
279;365b0bdc9;113;10;3.47;11.204;1.442;0.11;10.127;26;7689;1;0;0;0;0;Type1
280;9ddb72b51;3;1;3.478;12.324;1.44;0.11;10.33;26;8446;1;0;0;0;0;Type1
281;17598368a;6;1;3.478;12.324;1.44;0.11;10.33;26;8446;1;0;0;0;0;Type1
282;67b65ddd7;1146;12;3.435;12.266;1.435;0.109;10.234;26;8517;0;0;1;0;0;Type3
283;4af81a;0;0;3.546;11.07;1.432;0.108;10.049;26;7804;1;0;0;0;0;Type1
284;ab7b7351f;4;1;3.546;11.07;1.432;0.108;10.049;26;7804;1;0;0;0;0;Type1
285;de671f7e3;22;5;3.546;11.07;1.432;0.108;10.049;26;7804;1;0;0;0;0;Type1
286;4bf40fc23;15;4;3.559;11.059;1.43;0.108;10.043;26;7855;1;0;0;0;0;Type1
287;56e034928;63;4;4.461;16.261;1.55;0.1;15.744;79;12684;1;0;0;0;0;Type1
288;8a1e6c8a9;78;1;3.548;11.043;1.43;0.108;10.027;26;7841;1;0;0;0;0;Type1
289;a3eae13e5;0;0;3.548;11.043;1.43;0.108;10.027;26;7841;1;0;0;0;0;Type1
290;9c1fd0d74;34;6;3.548;11.043;1.43;0.108;10.027;26;7841;1;0;0;0;0;Type1
291;4bc93e5d5;0;0;3.548;11.054;1.43;0.108;10.038;26;7848;1;0;0;0;0;Type1
292;606aaee66;3;1;3.548;11.054;1.43;0.108;10.038;26;7848;1;0;0;0;0;Type1
293;4748e9df5;15;4;3.548;11.054;1.43;0.108;10.038;26;7847;1;0;0;0;0;Type1
294;5490b96f2;8;1;3.559;11.059;1.43;0.108;10.043;26;7853;1;0;0;0;0;Type1
295;24c9f8c27;0;0;3.559;11.075;1.43;0.108;10.07;26;7874;1;0;0;0;0;Type1
296;a48906e0;0;0;3.559;11.059;1.43;0.108;10.043;26;7856;1;0;0;0;0;Type1
297;5933a7e8d;4;1;3.559;11.059;1.43;0.108;10.048;26;7856;1;0;0;0;0;Type1
298;1b7574a8b;28;2;3.559;11.059;1.43;0.108;10.048;26;7856;1;0;0;0;0;Type1
299;b0cb2c4e5;0;0;3.561;11.059;1.433;0.107;10.08;26;7915;1;0;0;0;0;Type1
300;e37557194;6;1;4.467;16.144;1.522;0.1;15.644;65;12619;1;0;0;0;0;Type1
301;b77f5f731;0;0;3.561;11.048;1.433;0.107;10.053;26;7908;1;0;0;0;0;Type1
302;a859cfb9f;0;0;3.561;11.048;1.433;0.107;10.053;26;7908;1;0;0;0;0;Type1
303;e55d4145d;9;1;3.565;11.081;1.43;0.108;10.081;26;7892;1;0;0;0;0;Type1
304;0b8e7922b;12;1;3.565;11.081;1.43;0.108;10.075;26;7878;1;0;0;0;0;Type1
305;0cb6b48e2;4;1;3.561;11.096;1.433;0.107;10.102;27;7947;1;0;0;0;0;Type1
306;bede6967d;25;1;3.561;11.091;1.433;0.107;10.102;27;7939;1;0;0;0;0;Type1
307;1bd1c14d8;4;1;3.561;11.096;1.433;0.107;10.102;27;7947;1;0;0;0;0;Type1
308;3ecaf665a;0;0;3.561;11.096;1.433;0.107;10.102;27;7947;1;0;0;0;0;Type1
309;587590968;4;1;3.561;11.096;1.433;0.107;10.102;27;7947;1;0;0;0;0;Type1
310;3c982759;0;0;3.561;11.091;1.433;0.107;10.102;27;7939;1;0;0;0;0;Type1
311;e33bd78a1;31;2;3.561;11.091;1.433;0.107;10.102;27;7939;1;0;0;0;0;Type1
312;455fecff1;18;1;3.561;11.102;1.433;0.107;10.102;27;7951;1;0;0;0;0;Type1
313;9b8a26e32;0;0;3.561;11.102;1.433;0.107;10.102;27;7951;1;0;0;0;0;Type1
314;0a6841d9b;106;3;3.561;11.102;1.433;0.107;10.102;27;7951;1;0;0;0;0;Type1
315;bef09e4d0;12;1;3.561;11.102;1.433;0.107;10.134;27;7935;1;0;0;0;0;Type1
316;d7fdc0a;0;0;3.561;11.102;1.433;0.107;10.134;27;7935;1;0;0;0;0;Type1
317;9ab0ea6e4;0;0;3.561;11.102;1.433;0.107;10.107;27;7953;1;0;0;0;0;Type1
318;aef835b45;81;2;3.561;11.102;1.433;0.107;10.107;27;7953;1;0;0;0;0;Type1
319;138628c0;0;0;3.561;11.112;1.433;0.107;10.128;27;7943;1;0;0;0;0;Type1
320;54971e451;12;1;4.453;15.994;1.497;0.101;15.637;66;12378;1;0;0;0;0;Type1
321;2f4485d06;31;3;3.561;11.102;1.433;0.107;10.134;27;7935;1;0;0;0;0;Type1
322;e097439ea;0;0;4.429;16;1.516;0.109;15.853;66;12640;1;0;0;0;0;Type1
323;5a35be06d;395;7;3.617;12.016;1.451;0.109;11.047;28;8759;1;0;0;0;0;Type1
324;6848614ce;0;0;3.561;11.123;1.433;0.107;10.134;27;7957;1;0;0;0;0;Type1
325;ffff480e9;0;0;3.561;11.123;1.433;0.107;10.134;27;7957;1;0;0;0;0;Type1
326;4813e573;0;0;4.543;16.486;1.531;0.114;16.36;68;12568;1;0;0;0;0;Type1
327;7d5442b05;148;1;3.561;11.134;1.433;0.107;10.155;27;7954;1;0;0;0;0;Type1
328;4e1458b1;0;0;4.543;16.497;1.531;0.114;16.383;68;12571;1;0;0;0;0;Type1
329;bc05c40aa;283;4;3.561;11.123;1.433;0.107;10.134;27;7957;1;0;0;0;0;Type1
330;88e801941;0;0;4.453;15.928;1.492;0.099;15.646;65;12485;1;0;0;0;0;Type1
331;8c60054af;139;4;3.561;11.144;1.433;0.107;10.166;27;7961;1;0;0;0;0;Type1
332;505ff17d4;37;2;3.542;10.995;1.426;0.105;10.116;27;7994;1;0;0;0;0;Type1
333;bf1275a8a;0;0;3.615;11.896;1.448;0.104;11;28;8700;1;0;0;0;0;Type1
334;9e81ab67b;0;0;3.615;11.896;1.448;0.104;11;28;8700;1;0;0;0;0;Type1
335;f255319f9;0;0;3.615;11.896;1.448;0.104;11;28;8700;1;0;0;0;0;Type1
336;6a62bf2a6;44;1;3.615;11.896;1.448;0.104;11;28;8700;1;0;0;0;0;Type1
337;5fbf9621f;0;0;3.545;11.005;1.45;0.105;10.272;27;8068;1;0;0;0;0;Type1
338;5d3e4c185;37;2;3.545;11.005;1.45;0.105;10.272;27;8068;1;0;0;0;0;Type1
339;ac568f44;0;0;3.542;10.995;1.426;0.105;10.116;27;7994;1;0;0;0;0;Type1
340;8e76fb87d;13;2;3.545;11.005;1.45;0.105;10.272;27;8068;1;0;0;0;0;Type1
341;380b147da;0;0;3.545;10.979;1.45;0.105;10.257;27;8055;1;0;0;0;0;Type1
342;5ebce32ea;0;0;3.545;10.979;1.45;0.105;10.257;27;8055;1;0;0;0;0;Type1
343;6558afa21;0;0;3.545;10.979;1.45;0.105;10.257;27;8055;1;0;0;0;0;Type1
344;ee006271d;9;1;3.545;10.979;1.45;0.105;10.257;27;8055;1;0;0;0;0;Type1
345;db75e677d;43;3;3.542;10.995;1.426;0.105;10.116;27;7994;1;0;0;0;0;Type1
346;ea55a2ed;0;0;3.611;12.026;1.451;0.109;11.067;28;8773;1;0;0;0;0;Type1
347;a05c67275;0;0;3.609;11.891;1.448;0.104;10.995;28;8692;1;0;0;0;0;Type1
348;08d4fde5;0;0;3.611;12.026;1.451;0.109;11.067;28;8773;1;0;0;0;0;Type1
349;62e5e0186;0;0;3.611;11.995;1.451;0.109;11.036;28;8754;1;0;0;0;0;Type1
350;5b1d866d;0;0;3.611;11.99;1.451;0.109;11.036;28;8754;1;0;0;0;0;Type1
351;b844011c1;97;2;3.611;12.026;1.451;0.109;11.067;28;8773;1;0;0;0;0;Type1
352;ecb4eaf86;426;3;3.579;11.959;1.467;0.107;11.117;28;8952;1;0;0;0;0;Type1
353;e15ba64ee;510;4;3.587;12.015;1.469;0.107;11.168;28;8943;1;0;0;0;0;Type1
354;b8b1dc232;22;1;3.611;12.005;1.451;0.109;11.041;29;8755;1;0;0;0;0;Type1
355;1d8fbd4b5;97;2;3.611;12.026;1.451;0.109;11.067;28;8773;1;0;0;0;0;Type1
356;8e2c3c777;4;1;3.579;11.964;1.467;0.107;11.117;28;8955;1;0;0;0;0;Type1
357;9a01e3067;0;0;3.579;11.959;1.467;0.107;11.117;28;8952;1;0;0;0;0;Type1
358;4de75025;0;0;3.579;11.959;1.467;0.107;11.117;28;8952;1;0;0;0;0;Type1
359;d02cdfdb0;0;0;3.561;11.929;1.465;0.106;11.076;28;8967;1;0;0;0;0;Type1
360;8079a7cf4;0;0;3.561;11.929;1.465;0.106;11.076;28;8967;1;0;0;0;0;Type1
361;afecb819a;266;3;3.561;11.929;1.465;0.106;11.076;28;8967;1;0;0;0;0;Type1
362;43743bb1a;12;1;3.561;11.929;1.465;0.106;11.076;28;8967;1;0;0;0;0;Type1
363;40c8c067b;18;1;3.58;12.02;1.465;0.11;11.15;29;9105;1;0;0;0;0;Type1
364;1af21b223;18;1;3.58;12.025;1.465;0.11;11.165;29;9112;1;0;0;0;0;Type1
365;bf3fc880a;26;2;3.58;12.025;1.465;0.11;11.165;29;9112;1;0;0;0;0;Type1
366;a906f2328;0;0;3.656;11.914;1.45;0.105;11.507;28;9470;1;0;0;0;0;Type1
367;09e2fedf5;14;1;3.656;11.914;1.45;0.105;11.507;28;9470;1;0;0;0;0;Type1
368;f61cbb48b;8;1;3.656;11.904;1.45;0.105;11.493;28;9460;1;0;0;0;0;Type1
369;5d388e164;0;0;3.757;12.29;1.448;0.105;11.9;28;9781;1;0;0;0;0;Type1
370;43f33d822;9;1;3.656;11.914;1.45;0.105;11.507;28;9476;1;0;0;0;0;Type1
371;28e8eb41;0;0;3.656;11.914;1.45;0.105;11.507;28;9470;1;0;0;0;0;Type1
372;59dfede5a;26;2;3.735;12.246;1.445;0.104;11.91;28;9800;1;0;0;0;0;Type1
373;50cacc175;72;3;3.757;12.295;1.448;0.105;11.9;28;9784;1;0;0;0;0;Type1
374;e45f07d50;78;1;3.881;12.234;1.436;0.101;12.142;27;10227;1;0;0;0;0;Type1
375;6b9048751;5;1;3.865;12.194;1.428;0.099;12.23;27;10468;1;0;0;0;0;Type1
376;d304c45dd;5;1;3.865;12.198;1.428;0.099;12.234;27;10475;1;0;0;0;0;Type1
377;f605d1d99;0;0;3.879;12.161;1.426;0.099;12.274;26;10493;1;0;0;0;0;Type1
378;649bc6d77;2;1;3.87;12.17;1.426;0.099;12.278;26;10493;1;0;0;0;0;Type1
379;7fa355a70;95;3;3.87;12.157;1.426;0.099;12.278;26;10493;1;0;0;0;0;Type1
380;96e0ee2a6;0;0;3.87;12.157;1.426;0.099;12.278;26;10498;1;0;0;0;0;Type1
381;4cb72ceb9;92;2;3.87;12.157;1.426;0.099;12.278;26;10498;1;0;0;0;0;Type1
382;43d855c28;0;0;3.87;12.157;1.426;0.099;12.278;26;10498;1;0;0;0;0;Type1
383;57bff44d0;0;0;3.87;12.157;1.426;0.099;12.278;26;10500;1;0;0;0;0;Type1
384;f906d45de;0;0;3.883;11.97;1.422;0.1;12.326;26;10713;1;0;0;0;0;Type1
385;01735420e;0;0;3.883;11.991;1.422;0.1;12.365;26;10733;1;0;0;0;0;Type1
386;94d1829b8;11;1;3.883;11.991;1.422;0.1;12.365;26;10733;1;0;0;0;0;Type1
387;9c850c36e;4;1;3.883;11.987;1.422;0.1;12.357;26;10728;1;0;0;0;0;Type1
388;5b84aef30;104;3;3.887;12.074;1.42;0.1;12.446;26;10841;1;0;0;0;0;Type1
389;3c59f235;0;0;3.883;11.991;1.422;0.1;12.365;26;10733;1;0;0;0;0;Type1
390;de8fcc9eb;0;0;3.885;11.916;1.425;0.097;12.323;26;10430;1;0;0;0;0;Type1
391;9421e1ceb;5;2;3.885;11.916;1.425;0.097;12.323;26;10430;1;0;0;0;0;Type1
392;fc8f84f06;71;2;3.885;11.916;1.425;0.097;12.323;26;10430;1;0;0;0;0;Type1
393;fd79bfe8;0;0;3.872;11.929;1.425;0.097;12.31;26;10453;1;0;0;0;0;Type1
394;f511c2451;23;1;3.872;11.929;1.425;0.097;12.31;26;10453;1;0;0;0;0;Type1
395;3872f5d31;1;1;3.881;11.925;1.425;0.097;12.305;26;10451;1;0;0;0;0;Type1
396;aa654ba24;48;2;3.876;11.951;1.425;0.097;12.319;26;10468;1;0;0;0;0;Type1
397;688c406cb;0;0;3.876;11.951;1.425;0.097;12.372;26;10474;1;0;0;0;0;Type1
398;5c7b8e658;0;0;3.876;11.951;1.425;0.097;12.372;26;10474;1;0;0;0;0;Type1
399;417857ee4;35;1;3.876;11.947;1.425;0.097;12.367;26;10469;1;0;0;0;0;Type1
400;9af0eee33;35;1;3.876;11.947;1.425;0.097;12.319;26;10469;1;0;0;0;0;Type1
401;1ce64955;0;0;3.876;11.951;1.425;0.097;12.372;26;10474;1;0;0;0;0;Type1
402;28ad89d69;0;0;3.876;11.942;1.425;0.097;12.376;26;10465;1;0;0;0;0;Type1
403;635de0197;0;0;3.876;11.951;1.425;0.097;12.372;26;10474;1;0;0;0;0;Type1
404;fe96ab9f4;18;2;3.876;11.956;1.425;0.097;12.394;26;10478;1;0;0;0;0;Type1
405;421508268;5;1;3.881;11.951;1.425;0.097;12.385;26;10478;1;0;0;0;0;Type1
406;a51723fe7;4;1;3.885;12.009;1.423;0.097;12.427;26;10569;1;0;0;0;0;Type1
407;3d3fc0899;0;0;3.881;11.951;1.425;0.097;12.385;26;10478;1;0;0;0;0;Type1
408;97ed16261;10;2;3.881;11.951;1.425;0.097;12.385;26;10478;1;0;0;0;0;Type1
409;7d78a9c07;73;7;3.876;11.956;1.425;0.097;12.394;26;10478;1;0;0;0;0;Type1
410;5ceca65fe;0;0;3.885;12.04;1.423;0.097;12.427;26;10573;1;0;0;0;0;Type1
411;320dcef67;0;0;3.885;12.04;1.423;0.097;12.427;26;10573;1;0;0;0;0;Type1
412;67e32ff8f;6;1;3.885;12.04;1.423;0.097;12.427;26;10573;1;0;0;0;0;Type1
413;152aa595e;55;1;3.885;12.057;1.423;0.097;12.445;26;10589;1;0;0;0;0;Type1
414;eb732def4;36;1;3.885;12.057;1.423;0.097;12.449;26;10590;1;0;0;0;0;Type1
415;2e80ee5bb;209;3;3.878;12.013;1.419;0.096;12.428;26;10653;1;0;0;0;0;Type1
416;2b75aec6a;36;1;3.912;12.088;1.425;0.101;12.496;26;10661;1;0;0;0;0;Type1
417;10e8480d3;2;1;4.797;16.184;1.519;0.099;17.392;59;14776;1;0;0;0;0;Type1
418;0fb04b318;2;1;3.878;12.013;1.419;0.096;12.428;26;10653;1;0;0;0;0;Type1
419;d0bd09c8d;0;0;3.878;12.013;1.419;0.096;12.428;26;10653;1;0;0;0;0;Type1
420;20ddeb0fe;38;1;3.87;11.991;1.417;0.096;12.404;26;10692;1;0;0;0;0;Type1
421;9729b1b06;63;2;3.857;11.987;1.417;0.096;12.391;26;10678;1;0;0;0;0;Type1
422;13d8fa4dd;0;0;3.869;12.009;1.419;0.096;12.402;26;10646;1;0;0;0;0;Type1
423;73e857fda;41;5;4.788;16.184;1.519;0.099;17.382;59;14773;1;0;0;0;0;Type1
424;1862827c2;16;1;3.845;11.901;1.421;0.103;12.296;25;10765;1;0;0;0;0;Type1
425;907af81ff;0;0;3.845;11.893;1.421;0.103;12.296;25;10756;1;0;0;0;0;Type1
426;2747fddd1;66;2;3.845;11.888;1.421;0.103;12.296;25;10753;1;0;0;0;0;Type1
427;d5a047694;0;0;3.854;11.927;1.421;0.103;12.361;25;10779;1;0;0;0;0;Type1
428;a1e223ad6;50;1;3.845;11.927;1.421;0.103;12.305;25;10778;1;0;0;0;0;Type1
429;d0d9dfcfa;0;0;3.845;11.927;1.421;0.103;12.305;25;10778;1;0;0;0;0;Type1
430;7e9f19c43;50;1;3.845;11.901;1.421;0.103;12.296;25;10765;1;0;0;0;0;Type1
431;bfeb99497;2;1;3.873;11.983;1.424;0.102;12.411;25;10951;1;0;0;0;0;Type1
432;6855e9188;10;2;4.753;16.091;1.521;0.105;17.365;58;15116;1;0;0;0;0;Type1
433;4f3415279;0;0;3.873;12.017;1.424;0.102;12.424;25;10971;1;0;0;0;0;Type1
434;aaebb0a4d;6;2;3.873;12.004;1.422;0.101;12.515;26;10999;1;0;0;0;0;Type1
435;f9c80816a;2;1;3.873;11.996;1.422;0.101;12.489;26;10992;1;0;0;0;0;Type1
436;1e074cce4;0;0;3.873;11.996;1.422;0.101;12.489;26;10992;1;0;0;0;0;Type1
437;66117a5;0;0;3.873;11.996;1.422;0.101;12.489;26;10992;1;0;0;0;0;Type1
438;422c111d8;21;1;3.992;12.175;1.467;0.106;13.199;24;11753;1;0;0;0;0;Type1
439;055cfc8df;0;0;3.992;12.041;1.471;0.107;13.119;24;11553;1;0;0;0;0;Type1
440;6715f41c0;18;1;3.992;12.041;1.471;0.107;13.119;24;11553;1;0;0;0;0;Type1
441;ab14c63f5;0;0;3.992;12.041;1.471;0.107;13.115;24;11555;1;0;0;0;0;Type1
442;6c2a94e;0;0;3.992;12.041;1.471;0.107;13.115;24;11555;1;0;0;0;0;Type1
443;d2bac8659;66;1;3.988;12.016;1.469;0.106;13.078;24;11576;1;0;0;0;0;Type1
444;9e4243bc7;2504;23;4.921;15.952;1.559;0.106;17.78;55;15638;0;0;0;0;1;Type5
445;f57b90c1;0;0;3.984;11.988;1.471;0.107;13.025;24;11494;1;0;0;0;0;Type1
446;6558c0654;1;1;3.992;12.025;1.471;0.107;13.082;24;11533;1;0;0;0;0;Type1
447;8725bb1e;0;0;3.992;12.025;1.471;0.107;13.102;24;11538;1;0;0;0;0;Type1
448;a3ba935a5;0;0;3.866;12.055;1.42;0.101;12.529;26;11075;1;0;0;0;0;Type1
449;957331299;83;1;3.861;12.021;1.42;0.101;12.466;25;11052;1;0;0;0;0;Type1
450;8c176e742;0;0;3.878;12.059;1.422;0.101;12.506;26;11040;1;0;0;0;0;Type1
451;f9e1dbd48;0;0;3.878;12.059;1.422;0.101;12.506;26;11040;1;0;0;0;0;Type1
452;98d5ff79e;1304;21;3.878;12.059;1.422;0.101;12.506;26;11040;0;0;1;0;0;Type3
453;f3d8ba219;48;1;3.984;11.959;1.471;0.107;13.016;24;11473;1;0;0;0;0;Type1
454;31284feb9;878;18;3.992;12.025;1.471;0.107;13.098;24;11536;0;1;0;0;0;Type2
455;2d367e757;35;1;3.996;11.836;1.471;0.107;12.971;24;11394;1;0;0;0;0;Type1
456;5c3a771e;0;0;3.996;11.873;1.471;0.107;12.98;24;11412;1;0;0;0;0;Type1
457;d70900e5a;16;1;3.988;11.906;1.471;0.107;12.988;24;11434;1;0;0;0;0;Type1
458;dd5c1787f;217;2;3.988;11.91;1.471;0.107;12.996;24;11439;1;0;0;0;0;Type1
459;86d20b872;569;19;3.996;11.836;1.471;0.107;12.971;24;11394;0;1;0;0;0;Type2
460;7e17b5c31;917;21;3.963;12.163;1.467;0.102;13.187;25;11712;0;1;0;0;0;Type2
461;07903b858;0;0;3.908;12.092;1.424;0.105;12.559;25;11122;1;0;0;0;0;Type1
462;05be1480d;0;0;3.908;12.092;1.424;0.105;12.559;25;11122;1;0;0;0;0;Type1
463;7c089c96d;0;0;3.908;12.118;1.424;0.105;12.559;25;11137;1;0;0;0;0;Type1
464;fd0476726;0;0;3.903;12.118;1.424;0.105;12.626;26;11153;1;0;0;0;0;Type1
465;ed30cd7b5;0;0;3.903;12.118;1.424;0.105;12.626;26;11153;1;0;0;0;0;Type1
466;015f658d1;0;0;3.996;12.193;1.43;0.102;13.152;25;11659;1;0;0;0;0;Type1
467;1387ed31;0;0;3.996;12.184;1.43;0.102;13.16;25;11658;1;0;0;0;0;Type1
468;4e77a7c3;0;0;3.996;11.709;1.471;0.107;12.91;24;11307;1;0;0;0;0;Type1
469;74e5228a0;4;1;4.982;15.761;1.58;0.111;17.951;51;15491;1;0;0;0;0;Type1
470;b28f1a479;0;0;3.996;11.709;1.471;0.107;12.914;24;11308;1;0;0;0;0;Type1
471;2b9483b6e;0;0;4.016;12.22;1.467;0.102;13.199;25;11763;1;0;0;0;0;Type1
472;91f18dff2;0;0;3.996;12.176;1.463;0.102;13.143;25;11646;1;0;0;0;0;Type1
473;71eb3c3ab;0;0;3.996;12.18;1.463;0.102;13.152;25;11651;1;0;0;0;0;Type1
474;563713081;95;9;3.971;11.959;1.469;0.102;13.008;24;11506;1;0;0;0;0;Type1
475;e2fec88f5;132;4;3.976;12;1.469;0.102;13.069;24;11554;1;0;0;0;0;Type1
476;08ad60032;20;4;3.996;12.029;1.469;0.102;13.122;24;11578;1;0;0;0;0;Type1
477;4fa57be5;0;0;3.976;11.951;1.469;0.102;13.004;24;11497;1;0;0;0;0;Type1
478;9215c0667;48;4;4.004;12.037;1.469;0.102;13.135;24;11586;1;0;0;0;0;Type1
479;4659c6f98;12;2;4.004;12.045;1.469;0.102;13.143;25;11599;1;0;0;0;0;Type1
480;59ec660c9;250;8;4.004;12.041;1.469;0.102;13.139;24;11594;1;0;0;0;0;Type1
481;6398cde1;0;0;3.971;11.959;1.469;0.102;13;24;11506;1;0;0;0;0;Type1
482;3d4799591;20;5;3.971;11.955;1.469;0.102;13;24;11503;1;0;0;0;0;Type1
483;82d3985f6;5;1;3.971;11.955;1.469;0.102;13;24;11503;1;0;0;0;0;Type1
484;f5f478ced;0;0;3.971;11.959;1.469;0.102;13;24;11506;1;0;0;0;0;Type1
485;2893c2d64;250;11;3.971;11.959;1.469;0.102;13;24;11506;1;0;0;0;0;Type1
486;243fc6876;28;3;4.012;12.261;1.469;0.102;13.294;25;11767;1;0;0;0;0;Type1
487;de412656e;10;2;4;12.041;1.469;0.102;13.139;25;11602;1;0;0;0;0;Type1
488;8e4ce4cfd;10;2;4.004;12.045;1.469;0.102;13.143;25;11599;1;0;0;0;0;Type1
489;7a535d9c4;4;1;4.004;12.045;1.469;0.102;13.143;25;11605;1;0;0;0;0;Type1
490;8d995d73f;62;5;4.004;12.049;1.469;0.102;13.143;25;11602;1;0;0;0;0;Type1
491;5d88f09a;0;0;4.012;12.282;1.469;0.102;13.302;25;11792;1;0;0;0;0;Type1
492;baa8a6e8a;0;0;4.004;12.053;1.469;0.102;13.147;25;11608;1;0;0;0;0;Type1
493;1a7eaaf8b;2;1;3.967;12.033;1.467;0.102;13.111;25;11537;1;0;0;0;0;Type1
494;9c583829d;2;1;3.967;12.053;1.467;0.102;13.123;25;11543;1;0;0;0;0;Type1
495;28c85493;0;0;3.967;12.074;1.467;0.102;13.143;25;11556;1;0;0;0;0;Type1
496;f47165db6;2;1;3.975;12.266;1.467;0.102;13.262;25;11730;1;0;0;0;0;Type1
497;2ddbf0133;0;0;3.975;12.27;1.467;0.102;13.262;25;11737;1;0;0;0;0;Type1
498;723393227;10;1;3.988;12.365;1.467;0.102;13.357;25;11809;1;0;0;0;0;Type1
499;fa0678f5b;12;1;3.984;12.348;1.467;0.102;13.332;25;11794;1;0;0;0;0;Type1
500;e731fe026;0;0;4.92;16.498;1.56;0.107;18.329;57;15927;1;0;0;0;0;Type1
501;d8470e59f;0;0;3.988;12.381;1.467;0.102;13.344;25;11821;1;0;0;0;0;Type1
502;4c6d2f4a8;7;1;3.976;12.256;1.467;0.106;13.22;25;11812;1;0;0;0;0;Type1
503;b5223cc57;0;0;3.971;11.56;1.473;0.095;12.733;23;11142;1;0;0;0;0;Type1
504;84ede60df;5;1;3.967;11.56;1.473;0.095;12.724;23;11142;1;0;0;0;0;Type1
505;7d27c43ff;5;1;3.967;11.56;1.473;0.095;12.724;23;11142;1;0;0;0;0;Type1
506;821ee53d4;0;0;3.967;11.56;1.473;0.095;12.724;23;11142;1;0;0;0;0;Type1
507;92723791;0;0;3.967;11.56;1.473;0.095;12.724;23;11142;1;0;0;0;0;Type1
508;58e2e68d;0;0;3.967;11.56;1.473;0.095;12.728;23;11142;1;0;0;0;0;Type1
509;ec2e9a642;29;9;3.967;11.564;1.473;0.095;12.733;23;11143;1;0;0;0;0;Type1
510;46dfd7603;0;0;3.967;11.564;1.473;0.095;12.733;23;11143;1;0;0;0;0;Type1
511;bd7e76533;20;6;3.967;11.564;1.473;0.095;12.733;23;11143;1;0;0;0;0;Type1
512;72a1d928b;2;1;3.967;11.564;1.473;0.095;12.733;23;11143;1;0;0;0;0;Type1
513;4d579f765;4;2;3.967;11.564;1.473;0.095;12.733;23;11143;1;0;0;0;0;Type1
514;fca863f32;0;0;3.967;11.564;1.473;0.095;12.733;23;11143;1;0;0;0;0;Type1
515;53e456936;0;0;4.956;15.664;1.58;0.097;17.73;49;15440;1;0;0;0;0;Type1
516;0def10443;2;1;3.967;11.56;1.473;0.095;12.733;23;11142;1;0;0;0;0;Type1
517;5c097c03;0;0;3.967;11.56;1.473;0.095;12.728;23;11142;1;0;0;0;0;Type1
518;8b5a900ae;0;0;3.967;11.564;1.473;0.095;12.733;23;11143;1;0;0;0;0;Type1
519;4e8423852;7;2;4.956;15.695;1.58;0.097;17.743;49;15461;1;0;0;0;0;Type1
520;af7005321;49;3;4;11.741;1.473;0.088;12.891;23;11102;1;0;0;0;0;Type1
521;650840381;6;1;4;11.728;1.473;0.088;12.891;23;11095;1;0;0;0;0;Type1
522;363777f0;0;0;3.983;11.538;1.471;0.088;12.664;22;10900;1;0;0;0;0;Type1
523;8eae64181;177;1;3.983;11.534;1.471;0.088;12.655;22;10896;1;0;0;0;0;Type1
524;5b690b9b9;32;3;4;11.749;1.473;0.088;12.9;23;11117;1;0;0;0;0;Type1
525;611ed081b;181;1;4;11.655;1.471;0.088;12.815;22;11002;1;0;0;0;0;Type1
526;d115f44a3;4;1;3.983;11.542;1.471;0.088;12.668;22;10905;1;0;0;0;0;Type1
527;3f7463176;89;2;3.979;11.536;1.469;0.088;12.678;22;10948;1;0;0;0;0;Type1
528;894b1abd8;793;19;4.023;11.954;1.465;0.097;13.677;23;10407;0;1;0;0;0;Type2
529;4266b3a70;0;0;4.032;12.073;1.472;0.101;13.697;24;10522;1;0;0;0;0;Type1
530;ba302ee9;0;0;3.975;11.517;1.471;0.092;12.688;21;10980;1;0;0;0;0;Type1
531;4d6385ab6;1453;22;3.983;11.517;1.471;0.092;12.63;22;10881;0;0;1;0;0;Type3
532;492553cde;744;19;4.037;12.096;1.472;0.101;13.761;24;10542;0;1;0;0;0;Type2
533;5f12bb9a3;0;0;3.992;11.564;1.47;0.093;12.729;22;10841;1;0;0;0;0;Type1
534;1062307c5;0;0;3.996;11.532;1.473;0.093;12.696;22;10859;1;0;0;0;0;Type1
535;ad503bce6;77;1;3.983;11.538;1.471;0.092;12.693;22;10903;1;0;0;0;0;Type1
536;0a99f9e;0;0;3.983;11.538;1.471;0.092;12.693;22;10903;1;0;0;0;0;Type1
537;5b6adec95;55;3;3.996;11.585;1.47;0.093;12.754;22;10860;1;0;0;0;0;Type1
538;39f396e55;47;1;4;11.589;1.47;0.093;12.784;22;10883;1;0;0;0;0;Type1
539;323bd64a6;0;0;4;11.585;1.47;0.093;12.78;22;10880;1;0;0;0;0;Type1
540;bb41ad791;6;2;4;11.585;1.47;0.093;12.78;22;10880;1;0;0;0;0;Type1
541;76f4668f0;0;0;4;11.593;1.47;0.093;12.784;22;10886;1;0;0;0;0;Type1
542;219131512;7;1;4;11.593;1.47;0.093;12.784;22;10886;1;0;0;0;0;Type1
543;b70a7d088;65;7;4.008;11.64;1.47;0.093;12.792;22;10927;1;0;0;0;0;Type1
544;bbac9dbd;0;0;4.004;11.602;1.47;0.093;12.801;22;10893;1;0;0;0;0;Type1
545;93fc220c5;22;3;4.004;11.602;1.47;0.093;12.797;22;10893;1;0;0;0;0;Type1
546;5bbb9054d;8;3;4.008;11.593;1.47;0.093;12.797;22;10889;1;0;0;0;0;Type1
547;f8621b042;0;0;4.008;11.619;1.47;0.093;12.809;22;10917;1;0;0;0;0;Type1
548;52c829fb0;57;6;4.013;11.648;1.47;0.093;12.805;23;10935;1;0;0;0;0;Type1
549;d0f8037f6;0;0;4.013;11.602;1.47;0.093;12.801;22;10892;1;0;0;0;0;Type1
550;59a57a931;57;6;4.008;11.597;1.47;0.093;12.792;22;10889;1;0;0;0;0;Type1
551;27b99860b;16;1;3.974;11.573;1.474;0.094;12.718;22;10767;1;0;0;0;0;Type1
552;212825eb5;0;0;3.927;11.526;1.474;0.094;12.688;22;10723;1;0;0;0;0;Type1
553;f111905da;38;2;3.927;11.526;1.474;0.094;12.705;22;10724;1;0;0;0;0;Type1
554;627d4fb53;64;5;3.974;11.607;1.474;0.094;12.731;22;10797;1;0;0;0;0;Type1
555;534d62653;2;1;4.008;11.619;1.47;0.093;12.78;22;10916;1;0;0;0;0;Type1
556;2374d9d1b;22;1;3.896;11.678;1.474;0.091;12.957;22;10698;1;0;0;0;0;Type1
557;040caad12;27;1;3.883;11.683;1.474;0.091;12.97;22;10700;1;0;0;0;0;Type1
558;108937857;0;0;3.9;11.641;1.472;0.091;12.931;22;10753;1;0;0;0;0;Type1
559;86441e434;5;1;4.949;16.065;1.575;0.093;18.533;51;15127;1;0;0;0;0;Type1
560;b3d01d828;130;5;3.886;11.807;1.478;0.092;13.092;23;10751;1;0;0;0;0;Type1
561;794ef806f;117;5;3.974;11.54;1.472;0.094;12.655;22;10781;1;0;0;0;0;Type1
562;ac570c50b;0;0;3.898;11.912;1.482;0.093;13.204;23;10740;1;0;0;0;0;Type1
563;20bc29715;0;0;3.898;11.898;1.482;0.093;13.19;23;10734;1;0;0;0;0;Type1
564;8ffbe0543;560;6;4.008;11.619;1.47;0.093;12.78;22;10916;0;1;0;0;0;Type2
565;246cf6edd;0;0;3.92;11.933;1.484;0.093;13.267;23;10735;1;0;0;0;0;Type1
566;8fa45a3a0;9;1;3.915;11.978;1.487;0.094;13.295;23;10710;1;0;0;0;0;Type1
567;3bce82092;0;0;3.95;12.063;1.491;0.095;13.405;23;10712;1;0;0;0;0;Type1
568;8d27171b7;9;1;3.95;12.063;1.491;0.095;13.405;23;10712;1;0;0;0;0;Type1
569;62882e0a4;108;5;3.913;11.641;1.472;0.091;12.948;22;10752;1;0;0;0;0;Type1
570;950d88dcb;53;4;3.974;11.557;1.472;0.094;12.664;22;10799;1;0;0;0;0;Type1
571;4aec8997e;0;0;3.974;11.54;1.472;0.094;12.655;22;10781;1;0;0;0;0;Type1
572;b96b2508d;117;5;3.974;11.54;1.472;0.094;12.655;22;10781;1;0;0;0;0;Type1
573;397f4e81e;0;0;3.95;12.068;1.491;0.095;13.41;23;10714;1;0;0;0;0;Type1
574;d4a12205f;0;0;3.95;12.095;1.491;0.095;13.428;23;10733;1;0;0;0;0;Type1
575;8dd9a3e99;18;2;3.955;12.09;1.491;0.095;13.423;23;10727;1;0;0;0;0;Type1
576;b4efa5589;0;0;3.95;12.068;1.491;0.095;13.41;23;10714;1;0;0;0;0;Type1
577;b99d55ba9;6;2;3.955;12.109;1.475;0.095;13.52;23;10721;1;0;0;0;0;Type1
578;9d904dad3;2;1;3.955;12.109;1.475;0.095;13.489;23;10720;1;0;0;0;0;Type1
579;418e3def1;8;2;3.955;12.104;1.475;0.095;13.52;23;10718;1;0;0;0;0;Type1
580;0ee0fcc01;0;0;3.955;12.109;1.475;0.095;13.484;23;10719;1;0;0;0;0;Type1
581;99fe051c4;0;0;3.955;12.113;1.475;0.095;13.489;23;10721;1;0;0;0;0;Type1
582;8fd17d44a;0;0;3.955;12.109;1.475;0.095;13.489;23;10720;1;0;0;0;0;Type1
583;62511c088;0;0;3.955;12.109;1.475;0.095;13.489;23;10720;1;0;0;0;0;Type1
584;4b59dbae2;0;0;3.955;12.113;1.475;0.095;13.502;23;10720;1;0;0;0;0;Type1
585;2988136f9;0;0;3.955;12.113;1.475;0.095;13.502;23;10720;1;0;0;0;0;Type1
586;d2a251c06;0;0;3.955;12.104;1.475;0.095;13.52;23;10717;1;0;0;0;0;Type1
587;f58f8d3c4;0;0;3.955;12.104;1.475;0.095;13.525;23;10717;1;0;0;0;0;Type1
588;3092e03be;0;0;3.955;12.113;1.475;0.095;13.516;23;10719;1;0;0;0;0;Type1
589;2f3a561c6;0;0;3.955;12.113;1.475;0.095;13.502;23;10720;1;0;0;0;0;Type1
590;4ccf9bbd9;5;1;3.955;12.122;1.475;0.095;13.525;23;10729;1;0;0;0;0;Type1
591;0b4c4bbcf;0;0;3.955;12.131;1.475;0.095;13.538;23;10737;1;0;0;0;0;Type1
592;e7d85d8b6;117;7;4.023;11.959;1.465;0.097;13.668;23;10403;1;0;0;0;0;Type1
593;d7143d685;0;0;4.005;11.923;1.466;0.1;13.543;23;10551;1;0;0;0;0;Type1
594;ec4787a92;0;0;3.995;11.799;1.466;0.1;13.452;23;10363;1;0;0;0;0;Type1
595;5bc96652e;0;0;3.995;11.799;1.466;0.1;13.457;23;10353;1;0;0;0;0;Type1
596;3ccb2d97e;0;0;3.995;11.799;1.466;0.1;13.457;23;10353;1;0;0;0;0;Type1
597;99f6043ce;123;7;4.023;11.959;1.465;0.097;13.668;23;10403;1;0;0;0;0;Type1
598;afc0e0240;0;0;3.955;12.131;1.475;0.095;13.548;23;10740;1;0;0;0;0;Type1
599;fd1b598ea;16;1;3.968;11.864;1.464;0.095;13.445;23;10472;1;0;0;0;0;Type1
600;2397e1e8;0;0;3.959;11.868;1.464;0.095;13.432;23;10482;1;0;0;0;0;Type1
601;3f79d129b;2;1;3.95;11.823;1.464;0.095;13.391;23;10459;1;0;0;0;0;Type1
602;0a0d3c88e;7;1;3.95;11.827;1.464;0.095;13.391;23;10460;1;0;0;0;0;Type1
603;7adeef1ee;8;1;3.95;11.836;1.464;0.095;13.391;23;10462;1;0;0;0;0;Type1
604;b6132e853;33;4;3.95;11.836;1.464;0.095;13.4;23;10463;1;0;0;0;0;Type1
605;4b7c7e886;2;1;3.968;11.864;1.464;0.095;13.445;23;10472;1;0;0;0;0;Type1
606;3e9a3ec74;2;1;3.977;11.868;1.464;0.095;13.464;23;10476;1;0;0;0;0;Type1
607;8309fb242;2;1;3.977;11.868;1.464;0.095;13.464;23;10476;1;0;0;0;0;Type1
608;ffba05fd3;8;1;3.977;11.859;1.464;0.095;13.464;23;10467;1;0;0;0;0;Type1
609;9ba172b0d;8;1;3.995;11.799;1.466;0.1;13.452;23;10363;1;0;0;0;0;Type1
610;56f0e9691;23;2;3.977;11.859;1.464;0.095;13.464;23;10467;1;0;0;0;0;Type1
611;feb863df;0;0;3.995;11.808;1.461;0.096;13.461;23;10368;1;0;0;0;0;Type1
612;f5f8b7f29;116;7;3.977;11.873;1.464;0.095;13.464;23;10473;1;0;0;0;0;Type1
613;be1a8403f;25;3;4;11.817;1.461;0.096;13.479;23;10372;1;0;0;0;0;Type1
614;4ae2e1f11;115;6;3.977;11.873;1.464;0.095;13.464;23;10472;1;0;0;0;0;Type1
615;745cb01ed;96;5;4.037;12.096;1.472;0.101;13.761;24;10542;1;0;0;0;0;Type1
616;9aea65bee;23;3;4.032;12.083;1.472;0.101;13.761;24;10539;1;0;0;0;0;Type1
617;4c2fca645;6;1;4.023;11.949;1.465;0.097;13.654;23;10401;1;0;0;0;0;Type1
618;e2d299807;0;0;4.028;11.949;1.465;0.097;13.654;23;10401;1;0;0;0;0;Type1
619;91c262dc0;36;3;4.009;11.872;1.461;0.096;13.543;23;10416;1;0;0;0;0;Type1
620;933bbb3a3;79;4;4.023;11.949;1.465;0.097;13.654;23;10401;1;0;0;0;0;Type1
621;3438b8669;0;0;4.032;12.083;1.472;0.101;13.761;24;10539;1;0;0;0;0;Type1
622;88ff311f;0;0;4.068;12.15;1.468;0.1;14;24;10761;1;0;0;0;0;Type1
623;6b770d019;4;1;4.023;11.949;1.465;0.097;13.668;23;10401;1;0;0;0;0;Type1
624;d3e712232;3;1;4.055;11.977;1.461;0.096;13.858;23;10550;1;0;0;0;0;Type1
625;e6f09123b;3;1;4.059;11.977;1.461;0.096;13.858;23;10550;1;0;0;0;0;Type1
626;d08932334;0;0;4.068;11.977;1.461;0.096;13.858;23;10550;1;0;0;0;0;Type1
627;6592c42d;0;0;4.027;11.973;1.461;0.096;13.785;23;10524;1;0;0;0;0;Type1
628;207128db9;0;0;4.055;11.986;1.461;0.096;13.854;23;10557;1;0;0;0;0;Type1
629;1bc994ec8;0;0;4.05;12.018;1.461;0.096;13.872;23;10603;1;0;0;0;0;Type1
630;a7d395f45;0;0;4.05;12.082;1.461;0.096;13.877;23;10645;1;0;0;0;0;Type1
631;fa77c15e8;0;0;4.05;12.014;1.461;0.096;13.881;23;10599;1;0;0;0;0;Type1
632;183e1c9ff;0;0;4.05;12.018;1.461;0.096;13.895;23;10604;1;0;0;0;0;Type1
633;58fc5a501;0;0;4.05;12.014;1.461;0.096;13.89;23;10602;1;0;0;0;0;Type1
634;1cacd7968;0;0;4.037;12.083;1.472;0.101;13.761;24;10539;1;0;0;0;0;Type1
635;43266964;0;0;4.104;12.462;1.457;0.113;14.317;26;11080;1;0;0;0;0;Type1
636;e65982505;0;0;4.976;16.029;1.587;0.102;18.714;48;13733;1;0;0;0;0;Type1
637;f0722843f;0;0;4.054;12.199;1.466;0.1;14.018;24;10838;1;0;0;0;0;Type1
638;b2235c3a4;0;0;4.054;12.199;1.466;0.1;14.018;24;10838;1;0;0;0;0;Type1
639;01d3d02a0;0;0;4.077;12.378;1.464;0.113;14.194;26;11014;1;0;0;0;0;Type1
640;842c35be3;1;1;4.077;12.387;1.464;0.113;14.23;26;11032;1;0;0;0;0;Type1
641;5bb9f87fa;0;0;4.095;12.434;1.457;0.113;14.29;26;11025;1;0;0;0;0;Type1
642;a7400216e;0;0;4.095;12.434;1.457;0.113;14.29;26;11025;1;0;0;0;0;Type1
643;7d625181f;0;0;4.104;12.443;1.457;0.113;14.271;26;11060;1;0;0;0;0;Type1
644;778f681c2;0;0;4.104;12.452;1.457;0.113;14.299;26;11066;1;0;0;0;0;Type1
645;5c8c3538e;0;0;4.104;12.462;1.457;0.113;14.299;26;11072;1;0;0;0;0;Type1
646;586e7d5fe;0;0;4.104;12.462;1.457;0.113;14.299;26;11072;1;0;0;0;0;Type1
647;0dde85e41;6;1;4.104;12.462;1.457;0.113;14.299;26;11072;1;0;0;0;0;Type1
648;7ae377d3e;0;0;4.113;12.466;1.457;0.113;14.344;26;11085;1;0;0;0;0;Type1
649;e387c23b6;7;1;5.029;16.325;1.578;0.117;19.063;50;13983;1;0;0;0;0;Type1
650;b40f54af0;0;0;4.105;12.635;1.452;0.105;14.457;27;11246;1;0;0;0;0;Type1
651;7cb144000;2;1;4.104;12.466;1.457;0.113;14.33;26;11082;1;0;0;0;0;Type1
652;678420cd4;0;0;4.113;12.466;1.457;0.113;14.339;26;11084;1;0;0;0;0;Type1
653;ffa872011;14;2;4.105;12.635;1.452;0.105;14.457;27;11246;1;0;0;0;0;Type1
654;bb629d1ba;0;0;4.105;12.648;1.452;0.105;14.479;27;11253;1;0;0;0;0;Type1
655;bc54dd8ef;0;0;4.105;12.648;1.452;0.105;14.479;27;11253;1;0;0;0;0;Type1
656;d6667dd4;0;0;4.105;12.658;1.452;0.114;14.489;28;11259;1;0;0;0;0;Type1
657;6d3ad183a;333;4;4.132;12.709;1.486;0.127;14.568;28;11367;1;0;0;0;0;Type1
658;156d5d895;2;1;4.105;12.671;1.452;0.114;14.507;28;11261;1;0;0;0;0;Type1
659;8c9169284;11;2;4.105;12.667;1.452;0.114;14.507;28;11258;1;0;0;0;0;Type1
660;6523458;0;0;4.132;12.709;1.486;0.127;14.568;28;11367;1;0;0;0;0;Type1
661;b66ed5e5d;0;0;4.132;12.714;1.486;0.127;14.568;28;11369;1;0;0;0;0;Type1
662;10bee204e;0;0;4.132;12.718;1.486;0.127;14.573;28;11377;1;0;0;0;0;Type1
663;1361bce6b;0;0;4.132;12.714;1.486;0.127;14.568;28;11369;1;0;0;0;0;Type1
664;ec4f41dd;0;0;4.156;12.876;1.491;0.128;14.739;28;11394;1;0;0;0;0;Type1
665;03f5f8ad;0;0;4.132;12.723;1.486;0.127;14.577;28;11380;1;0;0;0;0;Type1
666;82005c2;0;0;4.156;12.817;1.491;0.128;14.688;28;11350;1;0;0;0;0;Type1
