commit_hash;modified;file_modified;CBO;WMC;DIT;NOC;RFC;LCOM;LOC
6e0a15499;158;19;3.96;1.83;1.13;0;0.83;0.35;143
9eb049791;25;1;3.96;1.83;1.13;0;0.83;0.35;143
787d8fc02;158;19;3.95;1.91;1.14;0;0.86;0.36;141
031af80c3;122;3;3.96;1.83;1.13;0;0.83;0.35;143
ee001549e;72;2;3.52;1.84;1.16;0.12;0.84;0.36;158
5d1847146;266;1;3.52;1.93;1.19;0.11;0.81;0.37;185
5abd62a2e;278;1;3.7;3.89;1.19;0.11;2.78;0.37;345
db9f9a60a;272;5;3.52;2.42;1.15;0.09;1.3;1.24;286
fb22a73a7;3;1;3.43;1.93;1.18;0.11;0.86;0.36;194
af383b5ad;123;2;3.48;1.93;1.21;0.1;0.83;0.38;202
b24b42f81;251;7;3.52;2.42;1.15;0.09;1.3;1.24;286
2b0b6845d;135;3;3.61;2.42;1.18;0.18;1.21;1.42;287
7a8b681f5;135;4;3.63;2.22;1.19;0.19;1.25;0.34;278
bf5df77b7;6;1;3.74;2.21;1.24;0.24;1.15;0.35;292
d8a3a8ff4;10;1;3.69;2.17;1.23;0.23;1.14;0.34;297
622d861ef;73;1;3.69;2.51;1.23;0.23;1.23;0.34;337
2ea065c0e;73;1;3.69;2.51;1.23;0.23;1.23;0.34;337
4d5962a85;14;5;3.69;2.51;1.23;0.23;1.23;0.34;337
b20b62c91;14;5;3.69;2.51;1.23;0.23;1.23;0.34;337
21201034b;68;3;3.63;2.31;1.31;0.17;1.06;0.37;315
abd66858b;78;4;3.63;2.31;1.31;0.17;1.06;0.37;315
dc12d5bb9;63;5;3.43;2.19;1.3;0.16;1;0.35;319
6886142c6;52;7;3.43;2.19;1.3;0.16;1;0.35;319
b80de9378;19;2;3.47;2.24;1.32;0.16;1;0.42;333
8c87c29be;166;3;3.88;2.33;1.3;0.15;0.98;0.35;367
2721eadf6;20;6;3.57;2.19;1.3;0.16;1;0.38;323
de66728dd;2;1;3.88;2.33;1.3;0.15;0.98;0.35;367
a127b061a;24;4;3.78;2.39;1.29;0.15;0.95;0.59;384
358557062;87;18;3.74;2.38;1.29;0.14;0.95;0.57;393
11fe816ff;50;1;4;2.52;1.29;0.14;0.95;0.57;411
bd383717e;40;1;3.95;2.51;1.28;0.14;0.95;0.56;420
636857802;40;1;3.93;2.5;1.27;0.14;1.14;0.57;437
284f79ad6;33;1;3.95;2.52;1.27;0.14;1.36;0.64;461
1a0fcdc97;57;1;3.98;2.53;1.28;0.14;1.19;0.63;444
5e7edd277;138;3;4.06;2.4;1.26;0.13;1.83;0.53;521
d92b15197;4;1;4.19;2.77;1.27;0.12;2.1;1.08;634
63ae2b19d;96;2;4.28;2.85;1.26;0.11;2.4;1.34;694
715dcece5;33;2;4.23;2.77;1.26;0.11;2.08;1.11;645
669c7b6bb;397;5;4.66;3.14;1.25;0.11;2.23;1.04;791
b032731cf;52;3;4.23;2.77;1.26;0.11;2.08;1.11;645
782909f7b;262;3;4.74;3.33;1.25;0.11;2.51;1.02;881
18eed1a94;19;1;4.78;3.11;1.26;0.11;2.2;1.07;731
a39f9f8a0;81;1;4.69;3.52;1.24;0.1;2.52;1;917
5417b596b;54;3;4.23;2.79;1.26;0.11;2.08;1.17;647
8acdaa156;36;2;4.69;3.92;1.17;0.07;5.48;2.43;1936
62564d664;34;1;4.69;3.99;1.17;0.07;5.56;2.4;2037
22885fa9f;49;1;4.71;3.99;1.17;0.07;5.57;2.4;2047
9a6f9cbb2;694;14;4.7;4.02;1.17;0.07;5.55;2.43;2030
7e43a6c40;143;2;4.84;4.35;1.21;0.09;5.76;3.07;2408
564fba0fb;86;1;4.84;4.25;1.22;0.09;5.52;2.42;2321
a17b59238;157;1;4.85;4.27;1.22;0.09;5.64;2.39;2413
e1a4d0261;40;2;4.99;4.15;1.2;0.08;5.61;2.8;2548
ba1d44853;111;12;5.19;4.24;1.2;0.08;5.91;2.88;2556
3ec9ef3e6;161;2;5.14;4.21;1.27;0.08;5.82;3.57;2757
04a9e05ee;162;1;5.14;4.27;1.27;0.08;5.95;3.71;2838
829f016a6;13;1;5.14;4.21;1.27;0.08;5.82;3.57;2757
a1191a217;93;1;5.15;4.21;1.27;0.08;5.76;3.55;2739
6b036e806;34;1;5.14;4.23;1.25;0.08;5.96;3.69;2839
8425eff1d;73;1;5.12;4.17;1.25;0.08;5.91;3.73;2791
813988b67;64;3;5.18;4.1;1.25;0.08;5.92;3.79;2772
109572d78;169;4;5.16;4.29;1.25;0.08;5.97;3.75;2862
dccbc6baa;76;1;5.16;4.29;1.25;0.08;5.97;3.75;2862
622b66125;134;2;5.21;4.19;1.25;0.08;5.93;3.91;2832
9a94fd278;23;1;5.2;3.94;1.28;0.08;5.35;3.63;2692
1f7d6dccd;2;1;5.23;3.96;1.26;0.08;5.43;3.64;2676
28dd5fcdb;87;3;5.2;3.94;1.28;0.08;5.35;3.63;2692
06f5d836a;205;6;5.36;4.03;1.22;0.07;5.54;3.79;2899
1da668a86;468;5;5.73;4.27;1.26;0.07;6.13;4;3283
84309b657;983;54;5.45;4.5;1.19;0.08;6.23;3.81;3157
9ee0fdcd0;8;1;5.57;4.28;1.27;0.07;5.9;3.98;3056
0bd83a9bb;993;57;5.57;4.28;1.27;0.07;5.9;3.98;3056
bdf075e87;385;45;5.57;4.28;1.27;0.07;5.9;3.98;3056
aa8c7c3c1;9;1;5.45;4.48;1.19;0.08;6.19;3.86;3140
0f92fdd8e;41;1;5.44;4.51;1.2;0.09;6.17;3.74;3194
446acf5cd;91;4;5.58;4.44;1.19;0.09;6.31;3.81;3391
95ce9aaae;54;1;5.61;4.49;1.19;0.09;6.39;3.77;3421
3c244fbc0;54;1;5.61;4.49;1.19;0.09;6.39;3.77;3421
d012a528e;963;58;5.57;4.28;1.27;0.07;5.9;3.98;3056
dd94e7b6a;667;64;5.56;4.4;1.21;0.09;6.23;3.59;3413
d764c1b09;226;10;5.59;4.46;1.2;0.1;6.22;3.74;3330
26a8642a7;28;3;5.59;4.46;1.2;0.1;6.22;3.74;3330
1cac6fc58;8;1;5.59;4.48;1.2;0.1;6.24;3.74;3338
ffbf2ff18;52;1;5.61;3.78;1.19;0.08;5.19;3.11;3430
f4c83f432;598;25;5.64;3.77;1.17;0.08;5.23;3.13;3401
53fb292f3;346;12;5.54;4.44;1.2;0.09;6.28;3.64;3439
26f8e8350;101;5;5.65;3.9;1.17;0.08;5.35;3.52;3487
afc4da1aa;6;1;5.61;3.94;1.17;0.09;5.31;3.59;3529
6b25b2304;126;1;5.62;3.88;1.16;0.09;5.35;3.73;3569
8b3862e67;790;15;5.49;3.94;1.17;0.08;5.42;4.25;3675
68d40628a;180;5;5.65;4;1.16;0.08;5.47;4.35;3638
940c26eb6;109;5;5.51;3.98;1.16;0.08;5.35;4.32;3626
9f990cacf;4;1;5.51;3.98;1.16;0.08;5.35;4.32;3626
271eda44a;4;1;5.51;3.98;1.16;0.08;5.36;4.32;3627
ea73bd1f5;130;8;5.51;3.98;1.16;0.08;5.35;4.32;3626
e68f0b20a;3;1;5.47;4.03;1.17;0.08;5.38;4.1;3655
352e7fa5b;83;2;5.47;4.2;1.18;0.08;5.45;4.07;3767
fb47ac807;49;3;5.46;4.03;1.19;0.08;5.36;4.15;3636
7298e763b;61;2;5.48;4.03;1.17;0.08;5.39;4.17;3618
59ded837d;208;3;5.46;4.03;1.19;0.08;5.36;4.15;3636
8525f6f43;15;3;5.48;3.92;1.19;0.08;5.32;4.17;3512
9791c2d1e;15;3;5.46;3.92;1.19;0.08;5.32;4.17;3512
3e26fa32b;8;2;5.46;3.92;1.19;0.08;5.32;4.17;3512
19a9d33b0;94;1;5.46;3.99;1.2;0.08;5.34;4.16;3573
6896110c5;312;1;5.54;4.15;1.19;0.08;5.38;4.88;3679
e79790556;799;31;5.48;4.01;1.21;0.08;5.33;4.22;3583
073418f72;70;2;5.47;4.81;1.22;0.1;6.47;5.67;3597
6fe11aa16;89;2;5.49;4.82;1.22;0.1;6.38;5.51;3647
f6af2dc15;364;41;5.49;4.76;1.23;0.09;6.43;5.68;3762
8fa3a3742;491;40;5.51;4.85;1.22;0.1;6.26;5.62;3578
5d7d73c31;326;3;5.41;4.9;1.24;0.09;6.46;5.63;3870
2a08d800b;41;3;5.41;4.74;1.22;0.09;6.4;5.64;3760
2d11791c6;861;21;5.31;4.78;1.26;0.09;5.87;4.1;3789
ea2249afe;432;17;5.41;4.72;1.23;0.09;6.37;5.65;3768
6eeb24901;362;16;5.41;4.74;1.22;0.09;6.4;5.64;3760
459da07f1;17;1;5.29;4.75;1.27;0.12;5.84;4.05;3846
7058a7674;50;1;5.29;4.75;1.27;0.12;5.84;4.05;3846
09c3b6249;239;13;5.32;4.77;1.27;0.12;5.94;4.09;3869
5dbb81fbd;113;5;5.27;4.74;1.27;0.12;5.81;4.05;3857
d3f83facd;230;11;5.29;4.75;1.27;0.12;5.84;4.05;3846
84c72a517;2;1;5.84;5.48;1.29;0.17;6.88;4.21;4579
a2701658d;2;1;5.84;5.48;1.29;0.17;6.88;4.21;4579
bf29c6110;99;2;5.89;5.51;1.28;0.16;6.95;4.2;4534
b86e1da5d;16;1;5.7;6;1.32;0.18;6.86;4.67;4982
b44e8ad04;12;2;5.7;6;1.32;0.18;6.86;4.67;4983
3a0d891f1;3;1;5.7;6;1.32;0.18;6.86;4.67;4983
31ee3c346;10;1;5.7;6;1.32;0.18;6.86;4.67;4981
3eae70842;74;1;5.7;6;1.32;0.18;6.86;4.67;4983
eea2afa29;74;1;5.7;6.01;1.32;0.18;6.88;4.59;4983
981ff6add;138;5;5.7;6;1.32;0.18;6.88;4.57;4977
88fcda319;78;5;5.7;6;1.32;0.18;6.86;4.67;4984
3e7b1f576;440;14;5.7;6;1.32;0.18;6.86;4.67;4984
f8d90bd50;51;3;5.69;5.99;1.32;0.18;6.86;4.63;4980
bf5f1cb7a;39;2;5.7;6;1.32;0.18;6.86;4.67;4984
53b46595d;22;2;5.7;6;1.32;0.18;6.86;4.67;4984
d429110e6;25;2;5.67;5.98;1.33;0.18;6.84;4.52;4986
22a56d02a;216;4;5.77;5.85;1.31;0.17;6.97;4.24;5000
11374c265;16;2;5.7;6.1;1.31;0.17;6.96;4.5;5039
089794cb4;16;2;5.7;6.1;1.31;0.17;6.96;4.5;5039
334de61dd;16;2;5.69;5.9;1.31;0.17;6.88;4.27;4914
a2a7a29cd;16;2;5.7;6.1;1.31;0.17;6.96;4.5;5039
b338afa0f;18;2;5.78;5.86;1.31;0.17;6.98;4.28;5006
82bc2def6;77;7;5.78;5.86;1.31;0.17;6.98;4.28;5006
79535dc56;54;9;5.75;5.99;1.3;0.17;7.02;4.4;5110
5c0a95592;14;5;4.32;5.23;1.29;0.16;6.11;3.33;3090
0920f23b2;33;7;4.29;5.39;1.29;0.16;6.18;3.28;3153
5ac444887;4;4;4.32;5.23;1.29;0.16;6.11;3.33;3089
24c535e85;6;1;4.38;5.17;1.28;0.16;6.17;3.25;2993
03295a2b2;42;1;4.38;5.17;1.28;0.16;6.17;3.25;2993
012bd0d25;4;2;4.41;5.21;1.28;0.16;6.23;3.3;2987
37afd534b;155;24;4.41;5.21;1.28;0.16;6.23;3.3;2987
24dcc2a47;155;24;4.41;5.21;1.28;0.16;6.23;3.3;2987
9d07b367b;155;24;4.41;5.21;1.28;0.16;6.23;3.3;2987
04c06988a;2;1;4.4;5.23;1.27;0.16;6.24;3.31;2976
57156e364;24;1;4.4;5.23;1.27;0.16;6.24;3.31;2976
87ea43197;4;1;4.41;5.28;1.27;0.16;6.32;3.31;2987
54d422429;24;1;4.4;5.23;1.27;0.16;6.24;3.31;2976
332b67c89;24;1;4.41;5.28;1.27;0.16;6.32;3.31;2987
5620449a6;42;2;4.4;5.23;1.27;0.16;6.24;3.31;2976
aeea97892;24;1;4.41;5.28;1.27;0.16;6.32;3.31;2987
7337bb8f4;42;2;4.4;5.23;1.27;0.16;6.24;3.31;2976
35f280735;18;2;4.41;5.3;1.27;0.16;6.37;3.34;2997
31281b60e;18;2;4.41;5.3;1.27;0.16;6.37;3.34;2997
a82eff91b;18;2;4.41;5.28;1.27;0.16;6.32;3.31;2987
e39599cc4;5;1;4.41;5.3;1.27;0.16;6.37;3.34;2997
553241286;18;2;4.44;5.38;1.26;0.16;6.49;3.4;2987
8741a21b8;81;5;4.41;5.28;1.27;0.16;6.32;3.31;2987
224cafb25;2;1;4.41;5.31;1.27;0.16;6.37;3.34;3000
939a3b101;22;4;4.41;5.28;1.27;0.16;6.32;3.31;2987
74e54add5;2;1;4.41;5.3;1.27;0.18;6.37;3.34;2997
b73a2028b;19;1;4.42;5.32;1.27;0.16;6.4;3.35;3011
e8fa3a5d8;24;5;4.41;5.31;1.27;0.16;6.37;3.34;2998
46345351a;9;1;4.44;5.4;1.26;0.16;6.49;3.4;2993
9544c6aa6;19;1;4.42;5.32;1.27;0.16;6.4;3.35;3011
51113b7ca;81;6;4.41;5.31;1.27;0.16;6.37;3.34;2998
9fa580c29;167;5;4.43;5.4;1.26;0.16;6.49;3.4;2993
308255868;19;1;4.41;5.39;1.26;0.12;6.42;3.42;2975
5348ebf33;14;1;4.4;5.35;1.26;0.12;6.39;3.41;2950
aa451ef11;43;4;4.41;5.39;1.26;0.12;6.42;3.42;2975
e0e630e05;225;9;4.43;5.4;1.26;0.16;6.49;3.4;2993
204309452;13;2;4.39;5.53;1.25;0.12;6.4;3.58;3036
d747d5259;14;3;4.39;5.53;1.25;0.12;6.4;3.58;3036
68a356ed4;103;19;4.39;5.6;1.25;0.12;6.44;3.58;3081
d51763dda;23;1;4.42;5.64;1.25;0.14;6.5;3.58;3097
31339a26e;23;1;4.42;5.65;1.25;0.14;6.5;3.6;3108
6fcdc7eb2;8;2;4.42;5.65;1.25;0.14;6.5;3.6;3108
bfad7ea96;16;4;4.42;5.65;1.25;0.14;6.5;3.6;3108
01ceedce3;33;1;4.43;5.64;1.25;0.14;6.49;3.6;3105
729e90e92;33;1;4.43;5.64;1.25;0.14;6.47;3.6;3084
f6ca9ee01;172;1;4.43;5.64;1.25;0.14;6.49;3.6;3105
491e615d4;606;4;4.4;5.67;1.23;0.14;6.51;3.61;3093
da6ef5144;69;1;4.51;6.09;1.27;0.14;6.79;6.51;3513
69d6aaf61;58;1;4.51;6.05;1.27;0.14;6.75;6.38;3473
7071fc0a8;108;2;4.49;6.12;1.25;0.14;6.81;6.55;3501
b0c8b42b2;52;3;4.61;6.74;1.49;0.13;7.06;6.65;3994
0cf708256;96;1;4.62;6.74;1.49;0.13;7;6.58;3924
9fa9cea2a;7;1;4.62;6.75;1.49;0.13;7.02;6.57;3925
03336a980;34;1;4.61;6.73;1.49;0.13;6.99;6.61;3944
b3c611c39;67;2;4.5;6.86;1.5;0.15;6.9;6.71;3916
8d1cecc95;179;3;4.55;6.75;1.48;0.15;6.79;6.72;3963
1e2a7252b;6;1;4.62;6.72;1.49;0.13;6.83;6.67;3906
07eefcd00;20;1;4.63;6.72;1.49;0.13;6.83;6.67;3906
54bb58811;143;4;4.56;6.76;1.49;0.15;6.82;6.75;3937
6e8651e24;156;4;4.55;6.86;1.48;0.15;6.87;7.21;4024
620981ad1;6;2;4.56;6.76;1.49;0.15;6.82;6.75;3937
12266f392;46;1;3.95;14.27;1.45;0.09;5.78;23.45;3426
5328eaf10;29;2;4.01;13.88;1.43;0.09;5.81;22.78;3513
3061b7c8f;57;1;3.99;12.65;1.42;0.09;5.26;21.41;3287
fdcd4b249;2;1;4;13.32;1.42;0.09;5.48;26.1;3456
94c972a47;242;5;3.82;12.13;1.38;0.07;6.18;24.27;3970
2bbd3dc4b;15;2;3.85;12.76;1.41;0.08;5.95;25.65;3890
e3ca9e519;15;1;3.85;13.24;1.43;0.08;5.45;26.53;3669
4ecae622d;318;4;3.98;11.51;1.38;0.07;6.77;22.81;4224
df1be3ebf;2;1;4.05;11.31;1.36;0.06;7.73;22.93;4563
5107dd340;12;1;3.98;11.29;1.37;0.06;7.1;22.15;4323
02044cd4e;123;1;4.03;11.01;1.34;0.06;7.86;22.67;4772
b6ea9eba5;81;10;4;11.05;1.35;0.06;7.75;22.68;4701
6309bbc26;552;4;4.16;10.6;1.32;0.05;8.29;21.57;5262
a5d55dc4e;1;1;4.04;10.79;1.34;0.06;7.91;22.07;4946
7d09e458b;16;2;4.04;10.79;1.34;0.06;7.9;22.07;4942
5ebbd9ab2;5;1;4.03;10.77;1.34;0.06;7.9;22.07;4928
4e19e15ff;84;1;4.33;10.34;1.31;0.05;8.72;21.03;5586
3371e35e5;68;1;4.29;10.41;1.31;0.05;8.67;21.22;5546
1ff742a40;457;3;4.25;10.48;1.32;0.05;8.63;21.4;5517
99359a790;192;9;4.23;9.98;1.41;0.05;8.84;21.86;6282
6cb1ab682;394;9;4.28;10.17;1.43;0.05;8.85;22.55;6157
6f12f6fae;99;1;4.87;9.75;1.31;0.04;10.22;18.42;10289
71b544f5d;20;7;4.59;7.63;1.44;0.04;7.23;12.59;7797
ef1cae879;20;4;4.59;7.68;1.48;0.04;7.22;12.52;7904
e9fad2483;648;37;4.59;7.63;1.48;0.04;7.23;12.59;7797
68f85bf4b;151;30;4.6;7.98;1.49;0.04;7.23;16.18;8269
868dc0fed;101;2;4.63;8.24;1.51;0.05;7.15;19.18;8660
7a5320f85;319;4;4.6;8.17;1.54;0.05;7.04;18.76;8801
fca5a8e15;27;2;4.62;8.34;1.56;0.05;6.99;19.75;8996
ed9a2c4b9;76;11;4.64;7.75;1.52;0.05;7.08;10.59;8944
0e0edb572;48;2;4.66;7.45;1.5;0.05;6.83;10.19;8996
f7d780956;4;2;4.61;7.41;1.54;0.05;6.75;10.05;9039
5273cf05e;101;3;4.61;7.41;1.54;0.05;6.75;10.05;9039
5ae547835;139;9;4.65;7.42;1.5;0.05;6.77;10.13;9018
7f07f4652;36;5;4.64;7.36;1.5;0.05;6.72;10.04;9016
ec4eb4f3b;933;52;6.55;11.92;1.5;0.18;9.7;777.81;14079
e8ff93464;4;1;6.46;11.92;1.49;0.18;9.62;820.39;14351
6a6a3022b;5;1;6.51;12.28;1.49;0.18;9.71;825.3;14666
ae8e4d4f0;7;2;6.47;11.95;1.5;0.18;9.62;823.5;14300
7e0f6d88f;237;21;6.55;12.13;1.49;0.18;9.8;757.55;14634
6dbeff4b5;626;33;6.55;12.13;1.49;0.18;9.8;757.55;14634
25e78c553;744;23;6.49;11.8;1.47;0.17;9.96;728.33;14775
a85657232;530;8;6.45;11.78;1.48;0.17;9.93;715.64;14926
b8a3320cb;532;15;6.31;11.38;1.49;0.16;9.59;668.72;15426
b15df9899;964;32;6.49;11.33;1.49;0.15;9.58;649.86;15858
1145819b6;324;14;6.53;11.36;1.49;0.16;9.83;622.73;17177
0b038babb;2;1;6.51;11.38;1.48;0.15;9.81;634.01;16868
db8b73317;308;3;6.55;11.39;1.49;0.16;9.84;623.95;17239
4f878d569;500;8;6.53;11.36;1.49;0.16;9.83;622.73;17171
9966209d7;191;4;6.55;11.38;1.48;0.16;9.83;620.3;17298
133037357;212;6;6.55;11.38;1.48;0.16;9.83;620.3;17297
1ebd97900;44;1;6.58;12.13;1.47;0.16;10.15;612.4;18696
8e9c935d5;627;17;6.4;10.39;1.72;0.13;9.2;516.96;19096
994d8fcb9;39;4;6.41;10.5;1.71;0.13;9.32;517.15;19275
5d7f54935;914;29;6.41;10.51;1.71;0.13;9.32;517.15;19275
603f6c690;309;4;6.47;10.6;1.71;0.14;9.48;520.43;19382
ffe49c3f0;441;15;6.46;10.53;1.71;0.14;9.41;510.55;19335
73dde07fa;267;2;6.51;10.63;1.71;0.14;9.49;517.37;19476
23a77e8ce;170;7;6.56;10.67;1.7;0.13;9.5;511.06;19875
df94c0d23;689;11;6.56;10.7;1.7;0.13;9.55;511.27;19912
88ff1f638;107;10;6.58;10.7;1.7;0.14;9.51;523.32;19920
4562e69de;45;5;6.57;10.72;1.7;0.14;9.51;523.32;19955
e71d371f2;1;1;6.53;10.62;1.69;0.14;9.38;519.81;19824
63a59319b;24;3;6.53;10.62;1.69;0.14;9.38;519.81;19824
a2cb6ab4b;875;23;6.53;10.62;1.69;0.14;9.38;519.81;19824
fe4acf2a6;64;5;6.54;10.56;1.71;0.14;9.07;522.59;18944
637978c66;68;2;6.56;10.55;1.71;0.14;9.07;522.59;18939
e255de7db;146;8;6.55;10.61;1.71;0.14;9.09;522.68;18930
9e18df665;2;1;6.53;10.59;1.72;0.14;8.86;522.86;18486
edd8aed81;56;10;6.53;10.59;1.72;0.14;8.86;522.86;18486
e28dc4ba7;988;31;6.53;10.56;1.71;0.14;8.94;518.07;18846
d2c9c34e3;67;4;6.52;10.6;1.72;0.14;8.83;527.73;18269
42ca8c4ff;79;4;6.54;10.64;1.72;0.14;8.85;530.23;18258
0d6c8e3a9;14;2;6.54;10.59;1.71;0.14;8.82;524.06;18372
a779687b4;6;1;6.54;10.59;1.71;0.14;8.82;524.06;18372
98d0b7f2e;240;5;6.54;10.59;1.71;0.14;8.82;524.06;18372
70d44071d;7;1;6.54;10.59;1.71;0.14;8.82;524.03;18372
f79625a9e;367;6;6.54;10.6;1.71;0.14;8.82;524.03;18376
ea03b91a2;28;1;6.52;10.53;1.71;0.14;8.78;521.71;18313
ff282b964;24;4;6.52;10.53;1.71;0.14;8.79;521.73;18317
106d00485;6;2;6.52;10.53;1.71;0.14;8.79;521.73;18317
6df4ea385;4;1;6.52;10.53;1.71;0.14;8.79;521.73;18317
2f8e8bc60;99;6;6.55;10.54;1.71;0.14;8.79;524.65;18337
715d71d38;233;4;6.54;10.48;1.72;0.14;8.75;522.05;18356
17b325e89;12;3;6.55;10.49;1.72;0.14;8.76;524.04;18372
baa00f7f8;56;5;6.56;10.49;1.72;0.14;8.77;521.83;18452
fedb543ce;9;1;6.61;10.45;1.72;0.14;8.74;518.27;18535
f29493822;11;2;6.61;10.45;1.72;0.14;8.74;518.27;18535
75e9bfa3b;2;1;6.61;10.45;1.72;0.14;8.74;518.27;18535
5b6d1f8c8;90;2;6.61;10.45;1.72;0.14;8.74;518.27;18535
71330c061;220;2;6.61;10.47;1.72;0.14;8.73;525.81;18522
479f89fc3;4;1;6.61;10.45;1.72;0.14;8.72;519.68;18498
19fac95ca;224;3;6.61;10.45;1.72;0.14;8.72;519.68;18498
f38eb995d;38;5;6.59;10.45;1.72;0.14;8.71;525.65;18530
f6965b1e6;878;437;6.6;10.45;1.72;0.14;8.71;525.88;18533
d1cd15328;148;2;6.6;10.45;1.72;0.14;8.71;525.88;18533
3768a53a8;152;2;6.6;10.45;1.72;0.14;8.71;525.88;18533
71cda3ebd;43;2;6.74;10.51;1.71;0.14;8.77;520.89;19023
87208280d;85;12;6.72;10.51;1.71;0.14;8.77;520.89;19023
14ea26be8;180;2;6.75;10.52;1.71;0.14;8.78;520.89;19026
6d0340767;2;1;6.75;10.52;1.71;0.14;8.75;520.89;19026
7bfeccced;61;3;6.74;10.49;1.72;0.14;8.71;519.03;19068
61af0c013;5;1;6.74;10.5;1.73;0.14;8.69;520.16;19040
870096572;501;110;6.74;10.5;1.73;0.14;8.69;520.16;19047
a00ea07a4;108;4;6.62;10.44;1.73;0.14;8.5;516.57;19119
421c5bbb2;881;7;6.63;10.36;1.73;0.14;8.48;512.04;19175
7494a2c05;24;1;6.63;10.36;1.73;0.14;8.49;512.21;19182
2a4b18e74;56;3;6.64;10.37;1.73;0.14;8.5;512.21;19194
a03bf90c1;25;1;6.64;10.37;1.73;0.14;8.5;512.21;19194
b5501c563;6;2;6.61;10.21;1.73;0.14;8.5;512.11;19018
2d03fa971;73;1;6.6;10.22;1.73;0.14;8.53;510.99;19062
da06e59e7;709;19;6.68;10.2;1.73;0.15;8.55;509.87;19305
29bceefab;383;12;6.66;10.22;1.74;0.15;8.57;508.77;19408
2d6a39c9b;262;11;6.66;10.22;1.74;0.15;8.56;508.22;19446
7748fd5e6;16;6;6.66;10.22;1.74;0.15;8.56;508.22;19446
851de4154;17;7;6.66;10.22;1.74;0.15;8.56;508.23;19449
fa58d3637;244;32;6.73;10.23;1.74;0.15;8.56;508.27;19460
5ec4f761b;252;34;6.66;10.23;1.74;0.15;8.56;508.27;19460
a0bfaa220;18;6;6.73;10.23;1.74;0.15;8.56;508.27;19460
ba5edc9bf;252;34;6.66;10.23;1.74;0.15;8.56;508.27;19460
434d1f420;2;2;6.73;10.23;1.74;0.15;8.56;508.27;19462
5ab208308;2;2;6.73;10.23;1.74;0.15;8.56;508.27;19462
6c58557f5;23;1;6.73;10.23;1.74;0.15;8.56;508.53;19466
db627720e;354;24;6.73;10.23;1.74;0.15;8.56;508.27;19462
b9d5a4db8;3;1;6.75;10.25;1.73;0.15;8.62;506.49;19535
8bf04e968;56;7;6.76;10.26;1.73;0.15;8.62;506.54;19540
b5c7957c4;22;1;6.76;10.26;1.73;0.15;8.62;506.54;19540
8a62afb5a;9;2;6.77;10.25;1.73;0.15;8.63;506.48;19558
a9ef16b32;82;4;6.77;10.25;1.73;0.15;8.63;506.48;19558
42a355a62;68;2;6.77;10.25;1.73;0.15;8.63;506.48;19558
b17bd1a62;75;3;6.77;10.25;1.73;0.15;8.63;506.48;19558
52ee8ed9e;2;1;6.77;10.25;1.73;0.15;8.63;506.48;19558
06a06e6ed;55;1;6.76;10.27;1.73;0.15;8.63;505.39;19643
4c1975371;4;1;6.76;10.27;1.73;0.15;8.63;505.39;19643
4d8f008cb;74;2;6.76;10.27;1.73;0.15;8.63;505.39;19643
4ed9c5116;71;2;6.76;10.27;1.73;0.15;8.63;505.39;19643
5d6ac534b;425;17;6.76;10.27;1.73;0.15;8.63;505.39;19643
3480eb930;416;17;6.76;10.27;1.73;0.15;8.63;505.39;19643
08be74178;62;2;6.75;10.29;1.73;0.15;8.67;504.31;19735
27c309f88;4;2;6.75;10.29;1.73;0.15;8.67;504.31;19735
340bed9cd;11;1;6.75;10.29;1.73;0.15;8.67;504.31;19737
f51cd52c6;6;1;6.75;10.29;1.73;0.15;8.67;504.31;19740
99a620a38;143;10;6.73;10.26;1.72;0.15;8.59;501.4;19772
ad8ca8e58;57;1;6.73;10.26;1.72;0.15;8.59;501.92;19778
15fea59b8;59;2;6.73;10.26;1.72;0.15;8.59;501.4;19772
ea4d43a79;115;18;6.73;10.26;1.72;0.15;8.59;502.4;19784
3e11dc060;115;18;6.73;10.26;1.72;0.15;8.59;502.4;19784
748fb50f6;88;4;6.73;10.26;1.72;0.15;8.59;502.4;19784
e1cb606ab;46;1;6.74;10.27;1.72;0.15;8.6;504.29;19792
5387e206a;7;1;6.73;10.28;1.73;0.16;8.58;506.39;19703
b0bc478fb;69;2;6.73;10.28;1.73;0.16;8.58;506.39;19703
aff44822d;41;1;6.74;10.27;1.73;0.16;8.55;504.17;19787
30905fc42;26;1;6.76;10.19;1.72;0.16;8.46;501.64;19820
9f2beac79;122;4;6.75;10.19;1.72;0.16;8.45;501.07;19848
7ba9a3e04;172;4;6.76;10.2;1.72;0.16;8.45;500.07;19902
a1c3ba9c8;4;2;6.76;10.2;1.72;0.16;8.45;500.07;19902
bc1c705e5;508;5;6.76;10.2;1.72;0.16;8.45;500.07;19902
d91ee5a63;579;5;6.76;10.2;1.72;0.16;8.45;500.07;19902
f00533c91;314;3;6.76;10.22;1.72;0.16;8.47;501.85;19948
2adb1fa6e;379;5;6.76;10.2;1.72;0.16;8.45;500.07;19902
7194f3eca;57;1;6.76;10.22;1.72;0.16;8.47;501.85;19948
421b9a4e1;48;2;6.76;10.22;1.72;0.16;8.47;501.85;19948
12c0e3011;2;1;6.76;10.15;1.73;0.16;8.47;502.33;20024
d6345dc92;24;5;6.76;10.09;1.74;0.15;8.43;504.82;20081
51dd03b47;2;1;6.79;10.24;1.74;0.16;8.43;546.14;20115
9f2c43575;686;17;6.77;10.22;1.74;0.16;8.42;545;20117
95dde6fbf;38;2;6.79;10.25;1.75;0.16;8.3;550.49;19874
4e50ea491;140;3;6.82;10.22;1.75;0.16;8.31;548.2;19915
7bdcb5948;159;14;6.79;10.25;1.75;0.16;8.3;550.49;19874
a5d99b726;27;3;6.82;10.26;1.75;0.16;8.35;547.39;20031
0fe6e5548;3;1;6.82;10.25;1.74;0.16;8.34;545.13;20117
2770e4dd0;18;1;6.82;10.25;1.74;0.16;8.34;545.13;20117
86902355b;513;6;6.82;10.26;1.74;0.16;8.34;545.4;20120
dc94f561a;53;3;6.82;10.27;1.74;0.16;8.36;546.24;20155
fbba23e3d;2;1;6.82;10.27;1.74;0.16;8.36;546.24;20155
0ffb50f76;22;4;6.86;10.28;1.75;0.16;8.36;551.06;20278
175f7de3e;18;1;6.87;10.27;1.74;0.16;8.38;549.95;20337
09695b4ae;2;1;6.87;10.27;1.74;0.16;8.38;549.95;20337
fc0ca6e15;250;4;6.88;10.3;1.75;0.16;8.39;551.95;20452
ba06bffaa;112;3;6.87;10.27;1.74;0.16;8.38;549.95;20340
2e39d9923;4;2;6.88;10.3;1.75;0.16;8.39;551.95;20452
27ce955df;4;1;6.88;10.3;1.75;0.16;8.39;551.95;20452
396f2f6d1;114;2;6.88;10.29;1.74;0.16;8.39;551.26;20474
a80b657e2;12;1;6.88;10.29;1.74;0.16;8.39;551.26;20474
27c63b6a4;119;1;6.88;10.29;1.74;0.16;8.39;551.26;20474
f4a18fdb9;11;2;6.88;10.29;1.74;0.16;8.39;551.26;20474
1ad606b71;104;1;6.81;10.39;1.74;0.17;8.4;558.8;20629
0e7b8eaa6;2;1;6.81;10.45;1.74;0.17;8.45;558.95;20716
7d6529137;3;1;6.81;10.45;1.74;0.17;8.45;558.95;20721
e0532b71f;43;5;6.8;10.45;1.74;0.17;8.47;556.69;20815
205fea699;249;5;6.8;10.45;1.74;0.17;8.47;556.69;20815
59454ea47;184;4;6.8;10.45;1.74;0.17;8.47;556.69;20815
b9c00a8e5;6;1;6.8;10.45;1.74;0.17;8.47;556.69;20815
a1758c4b9;82;4;6.8;10.45;1.74;0.17;8.48;556.69;20815
140663775;155;2;6.81;10.45;1.74;0.17;8.48;557.12;20821
bc9d59441;150;2;6.83;10.43;1.74;0.16;8.44;553.84;20975
55f3bb2a3;6;1;6.83;10.43;1.74;0.16;8.44;555.81;20981
7058126ad;42;2;6.83;10.43;1.74;0.16;8.44;555.81;20981
ac3b5b195;2;1;6.83;10.43;1.74;0.16;8.44;555.81;20981
3481ed1ee;503;5;6.83;10.43;1.74;0.16;8.44;555.81;20981
913e80046;515;5;6.83;10.43;1.74;0.16;8.44;555.81;20981
090f99e13;5;1;6.83;10.43;1.74;0.16;8.44;555.81;20981
e1b383840;16;3;6.83;10.42;1.74;0.16;8.45;554.71;20999
